"Source","RelativePath","Pattern","MatchCount","Examples"
"air-combat-script","localizations\ch\interface\text\dlg_2.po","Conquest","1","conquest"
"air-combat-script","localizations\ch\interface\text\dlg_frontend.po","Conquest","127","dynamic_campaign | dynamic_campaign | dynamic_campaign | dynamic_campaign | dynamic_campaign"
"air-combat-script","localizations\ch\interface\text\dlg_frontend.po","Cleanup","8","Remove | remove | remove | Remove | remove"
"air-combat-script","localizations\ch\interface\text\dlg_frontend.po","Airborne","2","airborne | Airborne"
"air-combat-script","localizations\ch\interface\text\dlg_frontend.po","Aircraft","3","Aircraft | aircraft | aircraft"
"air-combat-script","localizations\ch\interface\text\dlg_frontend.po","SpawnDeployment","8","DEPLOY | DEPLOY | purchase | Call-in | Call-in"
"air-combat-script","localizations\ch\interface\text\dlg_frontend_fh.po","Conquest","2","dynamic_campaign | dynamic_campaign"
"air-combat-script","localizations\ch\interface\text\dlg_ingame.po","Conquest","1","conquest"
"air-combat-script","localizations\ch\interface\text\dlg_ingame.po","Cleanup","2","destroyed | Destroyed"
"air-combat-script","localizations\ch\interface\text\dlg_ingame.po","Airborne","2","airborne | airborne"
"air-combat-script","localizations\ch\interface\text\dlg_ingame.po","Aircraft","2","plane | plane"
"air-combat-script","localizations\ch\interface\text\dlg_mp.po","Conquest","2","Conquest | conquest"
"air-combat-script","localizations\ch\interface\text\dlg_mp.po","Cleanup","3","Remove | Remove | Remove"
"air-combat-script","localizations\ch\interface\text\dlg_mp.po","Airborne","3","Airborne | airborne | Airborne"
"air-combat-script","localizations\ch\interface\text\dlg_mp.po","SpawnDeployment","8","spawn | purchase | purchase | purchase | purchase"
"air-combat-script","localizations\ch\interface\text\dlg_mp_frontlines.po","Cleanup","4","Retreat | Retreat | Retreat | Retreat"
"air-combat-script","localizations\ch\interface\text\editor.po","Cleanup","4","remove | Remove | remove | Remove"
"air-combat-script","localizations\ch\interface\text\info.po","Cleanup","2","destroyed | destroyed"
"air-combat-script","localizations\ch\interface\text\info.po","Airborne","10","airborne | airborne | airborne | airborne | Airborne"
"air-combat-script","localizations\ch\interface\text\info.po","Aircraft","27","aircraft | aircraft | aircraft | plane | fighter"
"air-combat-script","localizations\ch\interface\text\info.po","SpawnDeployment","1","deploy"
"air-combat-script","localizations\ch\interface\text\tips.po","Cleanup","2","retreat | destroyed"
"air-combat-script","localizations\ch\interface\text\announcements\cu6.po","Conquest","1","CONQUEST"
"air-combat-script","localizations\ch\interface\text\announcements\cu6.po","Aircraft","1","AIRCRAFT"
"air-combat-script","localizations\ch\interface\text\announcements\finesthour_release.po","Cleanup","1","retreat"
"air-combat-script","localizations\ch\interface\text\desc\desc_ammo_ger.po","Aircraft","1","Aircraft"
"air-combat-script","localizations\ch\interface\text\desc\desc_breed_airborne_ger.po","Airborne","1","Airborne"
"air-combat-script","localizations\ch\interface\text\desc\desc_breed_mp_fra.po","Aircraft","7","Fighter | Fighter | Fighter | Fighter | Fighter"
"air-combat-script","localizations\ch\interface\text\desc\desc_breed_mp_ned.po","Aircraft","8","Fighter | Fighter | Fighter | Fighter | Fighter"
"air-combat-script","localizations\ch\interface\text\desc\desc_breed_mp_uk.po","Airborne","127","Airborne | Airborne | Airborne | Airborne | Airborne"
"air-combat-script","localizations\ch\interface\text\desc\desc_breed_mp_usa.po","Airborne","241","Airborne | Airborne | Airborne | Airborne | Airborne"
"air-combat-script","localizations\ch\interface\text\desc\desc_breed_special_airborne.po","Airborne","5","Airborne | Airborne | Airborne | Airborne | Airborne"
"air-combat-script","localizations\ch\interface\text\desc\desc_gear_usa.po","Airborne","31","Airborne | Airborne | Airborne | Airborne | Airborne"
"air-combat-script","localizations\ch\interface\text\desc\desc_squad_doctrines.po","Aircraft","6","Plane | Plane | Plane | Plane | Plane"
"air-combat-script","localizations\ch\interface\text\desc\desc_squad_doctrines_eng.po","Aircraft","3","Plane | Plane | Plane"
"air-combat-script","localizations\ch\interface\text\desc\desc_squad_eng.po","Airborne","30","Airborne | Airborne | Airborne | Airborne | Airborne"
"air-combat-script","localizations\ch\interface\text\desc\desc_squad_mp_usa.po","Airborne","16","Airborne | Airborne | Airborne | Airborne | Airborne"
"air-combat-script","localizations\ch\interface\text\desc\desc_squad_usa_dcg_late.po","Airborne","7","Airborne | Airborne | Airborne | Airborne | Airborne"
"air-combat-script","localizations\ch\interface\text\desc\desc_vehicles_eng.po","Aircraft","5","Aircraft | Bomber | Fighter | Bomber | Fighter"
"air-combat-script","localizations\ch\interface\text\desc\desc_vehicles_fin.po","Aircraft","1","Bomber"
"air-combat-script","localizations\ch\interface\text\desc\desc_vehicles_ger.po","Aircraft","12","Fighter | Fighter | Fighter | Fighter | Fighter"
"air-combat-script","localizations\ch\interface\text\desc\desc_vehicles_ger_fh.po","Aircraft","1","Fighter"
"air-combat-script","localizations\ch\interface\text\desc\desc_vehicles_rus.po","Aircraft","22","Fighter | Fighter | Fighter | Fighter | Fighter"
"air-combat-script","localizations\ch\interface\text\desc\desc_vehicles_usa.po","Aircraft","8","Aircraft | Fighter | Aircraft | Fighter | Fighter"
"air-combat-script","localizations\ch\interface\text\desc\desc_weapon_generic.po","Aircraft","1","Aircraft"
"air-combat-script","localizations\ch\interface\text\mission\multi\common.po","Aircraft","2","aircraft | bomber"
"air-combat-script","localizations\ch\interface\text\mission\single\common.po","SpawnDeployment","1","reinforcement"
"air-combat-script","localizations\ch\interface\text\mission\single\00-bootcamp\03_artillery-reinforcements.po","SpawnDeployment","1","deploy"
"air-combat-script","localizations\ch\interface\text\mission\single\00-bootcamp\04_reinforcements-offmap-support.po","SpawnDeployment","10","call in | reinforcement | call in | call in | reinforcement"
"air-combat-script","localizations\ch\interface\text\mission\single\01-rus\1941_11_typhoon.po","Aircraft","2","plane | plane"
"air-combat-script","localizations\ch\interface\text\mission\single\01-rus\1942_05_kerch.po","Cleanup","13","destroyed | Retreat | retreat | retreat | destroyed"
"air-combat-script","localizations\ch\interface\text\mission\single\01-rus\1942_05_kerch.po","Aircraft","12","aircraft | aircraft | aircraft | aircraft | fighter"
"air-combat-script","localizations\ch\interface\text\mission\single\01-rus\1942_05_kerch.po","SpawnDeployment","1","deploy"
"air-combat-script","localizations\ch\interface\text\mission\single\01-rus\1942_09_pavlovs_house.po","Cleanup","1","retreat"
"air-combat-script","localizations\ch\interface\text\mission\single\01-rus\1942_12_winterstorm.po","Aircraft","1","Aircraft"
"air-combat-script","localizations\ch\interface\text\mission\single\01-rus\1943_07_ponyri.po","Aircraft","1","aircraft"
"air-combat-script","localizations\ch\interface\text\mission\single\01-rus\1944_10_courland.po","Aircraft","1","aircraft"
"air-combat-script","localizations\ch\interface\text\mission\single\01-rus\1944_10_courland.po","SpawnDeployment","46","reinforcement | reinforcement | reinforcement | reinforcement | reinforcement"
"air-combat-script","localizations\ch\interface\text\mission\single\02-ger\1941_10_glushkovo.po","SpawnDeployment","21","reinforcement | reinforcement | Deploy | reinforcement | reinforcement"
"air-combat-script","localizations\ch\interface\text\mission\single\02-ger\1942_01_vyazma.po","Aircraft","2","aircraft | Aircraft"
"air-combat-script","localizations\ch\interface\text\mission\single\02-ger\1942_09_elbrus.po","Cleanup","1","retreat"
"air-combat-script","localizations\ch\interface\text\mission\single\02-ger\1943_02_krasny_bor.po","Cleanup","2","destroyed | destroyed"
"air-combat-script","localizations\ch\interface\text\mission\single\02-ger\1943_07_petrovka.po","Cleanup","9","destroyed | Retreat | destroyed | destroyed | destroyed"
"air-combat-script","localizations\ch\interface\text\mission\single\02-ger\1943_07_petrovka.po","Aircraft","6","aircraft | plane | fighter | aircraft | plane"
"air-combat-script","localizations\ch\interface\text\mission\single\02-ger\1943_07_petrovka.po","SpawnDeployment","1","reinforcement"
"air-combat-script","localizations\ch\interface\text\mission\single\02-ger\1943_11_wotan.po","Aircraft","1","aircraft"
"air-combat-script","localizations\ch\interface\text\mission\single\02-ger\1943_11_wotan.po","SpawnDeployment","1","deploy"
"air-combat-script","localizations\ch\interface\text\mission\single\02-ger\1944_03_narva.po","Cleanup","1","retreat"
"air-combat-script","localizations\ch\interface\text\mission\single\02-ger\1944_03_narva.po","Aircraft","1","aircraft"
"air-combat-script","localizations\ch\interface\text\mission\single\02-ger\1944_09_yugoslavia.po","Cleanup","1","retreat"
"air-combat-script","localizations\ch\interface\text\mission\single\02-ger-west\1944_06_saint_lo_hills.po","Aircraft","1","aircraft"
"air-combat-script","localizations\ch\interface\text\mission\single\02-ger-west\1944_08_07_luttich.po","Cleanup","1","retreat"
"air-combat-script","localizations\ch\interface\text\mission\single\02-ger-west\1944_08_19_falaise_escape.po","Cleanup","1","retreat"
"air-combat-script","localizations\ch\interface\text\mission\single\02-ger-west\1944_08_19_falaise_escape.po","Aircraft","1","aircraft"
"air-combat-script","localizations\ch\interface\text\mission\single\02-ger-west\1945_01_thirimont.po","SpawnDeployment","2","Deploy | deploy"
"air-combat-script","localizations\ch\interface\text\mission\single\03-fin\1939_12_kollaa.po","Cleanup","5","retreat | retreat | destroyed | retreat | destroyed"
"air-combat-script","localizations\ch\interface\text\mission\single\03-fin\1941_08_ino_station.po","SpawnDeployment","2","deploy | deploy"
"air-combat-script","localizations\ch\interface\text\mission\single\03-fin\1944_06_tali-ilhantala.po","Cleanup","1","retreat"
"air-combat-script","localizations\ch\interface\text\mission\single\03-fin\1944_06_tali-ilhantala.po","Aircraft","1","aircraft"
"air-combat-script","localizations\ch\interface\text\mission\single\04-usa\1944_06_pointe_du_hoc.po","Cleanup","3","destroyed | destroyed | destroyed"
"air-combat-script","localizations\ch\interface\text\mission\single\04-usa\1944_06_pointe_du_hoc.po","Airborne","2","airborne | airborne"
"air-combat-script","localizations\ch\interface\text\mission\single\04-usa\1944_06_pointe_du_hoc.po","SpawnDeployment","2","call in | Call in"
"air-combat-script","localizations\ch\interface\text\mission\single\04-usa\1944_07_hedgerow_hell.po","Aircraft","1","plane"
"air-combat-script","localizations\ch\interface\text\mission\single\04-usa\1944_07_hedgerow_hell.po","SpawnDeployment","2","Call-in | Call-in"
"air-combat-script","localizations\ch\interface\text\mission\single\04-usa\1944_07_skirmish_operation_cobra.po","Aircraft","2","plane | aircraft"
"air-combat-script","localizations\ch\interface\text\mission\single\04-usa\1944_07_skirmish_operation_cobra.po","SpawnDeployment","1","Reinforcement"
"air-combat-script","localizations\ch\interface\text\mission\single\04-usa\1944_08_mortain.po","Cleanup","1","destroyed"
"air-combat-script","localizations\ch\interface\text\mission\single\04-usa\1944_08_skirmish_falaise_pocket.po","Cleanup","1","retreat"
"air-combat-script","localizations\ch\interface\text\mission\single\04-usa\1944_08_skirmish_falaise_pocket.po","Aircraft","2","plane | aircraft"
"air-combat-script","localizations\ch\interface\text\mission\single\04-usa\1944_08_skirmish_falaise_pocket.po","SpawnDeployment","1","Reinforcement"
"air-combat-script","localizations\ch\interface\text\mission\single\04-usa\1944_10_skirmish_hurtgen_forest.po","Cleanup","1","retreat"
"air-combat-script","localizations\ch\interface\text\mission\single\04-usa\1944_10_skirmish_hurtgen_forest.po","Aircraft","2","plane | aircraft"
"air-combat-script","localizations\ch\interface\text\mission\single\04-usa\1944_10_skirmish_hurtgen_forest.po","SpawnDeployment","1","Reinforcement"
"air-combat-script","localizations\ch\interface\text\mission\single\04-usa\1944_12_hill400.po","Aircraft","1","aircraft"
"air-combat-script","localizations\ch\interface\text\mission\single\04-usa\1944_12_skirmish_bulge.po","Aircraft","2","plane | aircraft"
"air-combat-script","localizations\ch\interface\text\mission\single\04-usa\1944_12_skirmish_bulge.po","SpawnDeployment","1","Reinforcement"
"air-combat-script","localizations\ch\interface\text\mission\single\04-usa\reinf_usa.po","Airborne","1","Airborne"
"air-combat-script","localizations\ch\interface\text\mission\single\04-usa\reinf_usa.po","SpawnDeployment","1","Deploy"
"air-combat-script","localizations\ch\interface\text\mission\single\041-usa_airborne\1944_06_01_pathfinders.po","Cleanup","1","destroyed"
"air-combat-script","localizations\ch\interface\text\mission\single\041-usa_airborne\1944_06_01_pathfinders.po","Airborne","2","airborne | airborne"
"air-combat-script","localizations\ch\interface\text\mission\single\041-usa_airborne\1944_06_01_pathfinders.po","Aircraft","3","aircraft | aircraft | aircraft"
"air-combat-script","localizations\ch\interface\text\mission\single\041-usa_airborne\1944_06_01_pathfinders.po","SpawnDeployment","1","Deploy"
"air-combat-script","localizations\ch\interface\text\mission\single\041-usa_airborne\1944_06_02_sainte_mere_eglise.po","Cleanup","6","destroyed | destroyed | destroyed | destroyed | destroyed"
"air-combat-script","localizations\ch\interface\text\mission\single\041-usa_airborne\1944_06_02_sainte_mere_eglise.po","Airborne","1","Airborne"
"air-combat-script","localizations\ch\interface\text\mission\single\041-usa_airborne\1944_06_02_sainte_mere_eglise.po","Aircraft","1","Aircraft"
"air-combat-script","localizations\ch\interface\text\mission\single\041-usa_airborne\1944_06_02_sainte_mere_eglise.po","SpawnDeployment","1","deploy"
"air-combat-script","localizations\ch\interface\text\mission\single\041-usa_airborne\1944_06_03_brecourt_manor.po","Cleanup","2","destroyed | destroyed"
"air-combat-script","localizations\ch\interface\text\mission\single\041-usa_airborne\1944_06_03_brecourt_manor.po","Airborne","1","Airborne"
"air-combat-script","localizations\ch\interface\text\mission\single\041-usa_airborne\1944_06_04_la-fiere_bridge.po","Airborne","2","Airborne | Airborne"
"air-combat-script","localizations\ch\interface\text\mission\single\041-usa_airborne\1944_06_04_la-fiere_bridge.po","SpawnDeployment","1","call in"
"air-combat-script","localizations\ch\interface\text\mission\single\041-usa_airborne\1944_06_05_carentan.po","Airborne","1","Airborne"
"air-combat-script","localizations\ch\interface\text\mission\single\041-usa_airborne\1944_06_06_bloody_gulch.po","Cleanup","2","destroyed | destroyed"
"air-combat-script","localizations\ch\interface\text\mission\single\041-usa_airborne\1944_06_06_bloody_gulch.po","Airborne","1","Airborne"
"air-combat-script","localizations\ch\interface\text\mission\single\041-usa_airborne\1944_09_01_nijmegen.po","Airborne","4","Airborne | Airborne | Airborne | Airborne"
"air-combat-script","localizations\ch\interface\text\mission\single\041-usa_airborne\1944_09_01_nijmegen.po","SpawnDeployment","1","call in"
"air-combat-script","localizations\ch\interface\text\mission\single\041-usa_airborne\1944_09_02_veghel.po","Airborne","1","Airborne"
"air-combat-script","localizations\ch\interface\text\mission\single\041-usa_airborne\1944_12_01_noville.po","Airborne","1","Airborne"
"air-combat-script","localizations\ch\interface\text\mission\single\041-usa_airborne\1944_12_02_elsenborn.po","Airborne","2","Airborne | Airborne"
"air-combat-script","localizations\ch\interface\text\mission\single\041-usa_airborne\1944_12_03_bastogne.po","Airborne","1","Airborne"
"air-combat-script","localizations\ch\interface\text\mission\single\041-usa_airborne\1945_04_30_elbe.po","Airborne","2","Airborne | Airborne"
"air-combat-script","localizations\ch\interface\text\mission\single\041-usa_airborne\1945_04_30_elbe.po","Aircraft","1","aircraft"
"air-combat-script","localizations\ch\interface\text\mission\single\041-usa_airborne\campaign.po","Airborne","1","AIRBORNE"
"air-combat-script","localizations\ch\interface\text\mission\single\05-eng\1940_05_13_dyle.po","Cleanup","5","destroyed | destroyed | destroyed | destroyed | destroyed"
"air-combat-script","localizations\ch\interface\text\mission\single\05-eng\1940_05_13_dyle.po","Aircraft","7","plane | plane | aircraft | plane | plane"
"air-combat-script","localizations\ch\interface\text\mission\single\05-eng\1940_05_20_arras_skirmish.po","Cleanup","1","destroyed"
"air-combat-script","localizations\ch\interface\text\mission\single\05-eng\1940_05_20_arras_skirmish.po","SpawnDeployment","1","Reinforcement"
"air-combat-script","localizations\ch\interface\text\mission\single\05-eng\1940_06_03_dunkirk.po","Cleanup","4","retreat | retreat | retreat | destroyed"
"air-combat-script","localizations\ch\interface\text\mission\single\05-eng\1940_06_03_dunkirk.po","Aircraft","1","plane"
"air-combat-script","localizations\ch\interface\text\mission\single\05-eng\1940_06_03_dunkirk.po","Dogfight","2","Dogfight | Dogfight"
"air-combat-script","localizations\ch\interface\text\mission\single\05-eng\1944_06_05_pegasus.po","Airborne","1","Airborne"
"air-combat-script","localizations\ch\interface\text\mission\single\05-eng\1944_07_13_villers-bocage_skirmish.po","Aircraft","2","plane | aircraft"
"air-combat-script","localizations\ch\interface\text\mission\single\05-eng\1944_07_13_villers-bocage_skirmish.po","SpawnDeployment","1","Reinforcement"
"air-combat-script","localizations\ch\interface\text\mission\single\05-eng\1944_07_18_caen_goodwood.po","Cleanup","1","destroyed"
"air-combat-script","localizations\ch\interface\text\mission\single\05-eng\1944_07_18_caen_goodwood.po","SpawnDeployment","1","call in"
"air-combat-script","localizations\ch\interface\text\mission\single\05-eng\1944_09_17_arnhem.po","Cleanup","2","destroyed | retreat"
"air-combat-script","localizations\ch\interface\text\mission\single\05-eng\1944_09_17_arnhem.po","Airborne","2","Airborne | Airborne"
"air-combat-script","localizations\ch\interface\text\mission\single\05-eng\1944_09_20_marketgarden_skirmish.po","Aircraft","2","plane | aircraft"
"air-combat-script","localizations\ch\interface\text\mission\single\05-eng\1944_09_20_marketgarden_skirmish.po","SpawnDeployment","1","Reinforcement"
"air-combat-script","localizations\ch\interface\text\mission\single\05-eng\1944_09_20_oosterbeek.po","Cleanup","4","retreat | retreat | destroyed | destroyed"
"air-combat-script","localizations\ch\interface\text\mission\single\05-eng\1944_09_20_oosterbeek.po","Airborne","1","Airborne"
"air-combat-script","localizations\ch\interface\text\mission\single\05-eng\1945_03_24_varsity.po","Cleanup","4","destroyed | destroyed | destroyed | destroyed"
"air-combat-script","localizations\ch\interface\text\mission\single\05-eng\1945_03_24_varsity.po","Airborne","6","airborne | airborne | Airborne | Airborne | airborne"
"air-combat-script","localizations\ch\interface\text\mission\single\051-ger_finesthour\1940_06_st_valery_en_caux.po","SpawnDeployment","1","call in"
"air-combat-script","localizations\ch\interface\text\mission\single\051-ger_finesthour\1944_06_swordbeach.po","Cleanup","1","retreat"
"air-combat-script","localizations\ch\interface\text\mission\single\051-ger_finesthour\1944_06_tilly_sur_seulles.po","Aircraft","4","plane | plane | aircraft | fighter"
"air-combat-script","localizations\ch\interface\text\mission\single\051-ger_finesthour\1944_06_tilly_sur_seulles.po","SpawnDeployment","1","Reinforcement"
"air-combat-script","localizations\ch\interface\text\mission\single\051-ger_finesthour\1944_09_koevering.po","Cleanup","1","retreat"
"air-combat-script","localizations\ch\interface\text\mission\single\051-ger_finesthour\1944_10_woensdrecht.po","Cleanup","1","retreat"
"air-combat-script","localizations\ch\interface\text\mission\single\051-ger_finesthour\1944_10_woensdrecht.po","SpawnDeployment","1","reinforcement"
"air-combat-script","localizations\ch\interface\text\mission\single\06-bonus\1941_12_feodosia.po","Cleanup","1","retreat"
"air-combat-script","localizations\ch\interface\text\mission\single\06-bonus\1941_12_feodosia.po","Aircraft","3","aircraft | aircraft | plane"
"air-combat-script","localizations\ch\interface\text\mission\single\06-bonus\1945_04_yugoslavia.po","Aircraft","11","fighter | fighter | fighter | fighter | fighter"
"air-combat-script","localizations\ch\interface\text\mission\single\0x-skirmish\1940_02-fin_honkaniemi.po","Cleanup","1","retreat"
"air-combat-script","localizations\ch\interface\text\mission\single\0x-skirmish\1940_02-fin_honkaniemi.po","SpawnDeployment","2","Reinforcement | deploy"
"air-combat-script","localizations\ch\interface\text\mission\single\0x-skirmish\1941_07-fin_petrozavodsk.po","Cleanup","1","retreat"
"air-combat-script","localizations\ch\interface\text\mission\single\0x-skirmish\1941_07-fin_petrozavodsk.po","SpawnDeployment","2","Reinforcement | deploy"
"air-combat-script","localizations\ch\interface\text\mission\single\0x-skirmish\1941_07-rus_smolensk.po","Aircraft","2","plane | aircraft"
"air-combat-script","localizations\ch\interface\text\mission\single\0x-skirmish\1941_07-rus_smolensk.po","SpawnDeployment","1","Reinforcement"
"air-combat-script","localizations\ch\interface\text\mission\single\0x-skirmish\1941_08-fin_polar_fox_alakurtti.po","Cleanup","1","retreat"
"air-combat-script","localizations\ch\interface\text\mission\single\0x-skirmish\1941_08-fin_polar_fox_alakurtti.po","SpawnDeployment","2","Reinforcement | deploy"
"air-combat-script","localizations\ch\interface\text\mission\single\0x-skirmish\1941_11-ger_moscow.po","SpawnDeployment","1","Reinforcement"
"air-combat-script","localizations\ch\interface\text\mission\single\0x-skirmish\1942_10-rus_stalingrad_volga.po","Aircraft","1","plane"
"air-combat-script","localizations\ch\interface\text\mission\single\0x-skirmish\1942_10-rus_stalingrad_volga.po","SpawnDeployment","1","Reinforcement"
"air-combat-script","localizations\ch\interface\text\mission\single\0x-skirmish\1942_11-ger_mamayev_kurgan.po","SpawnDeployment","1","Reinforcement"
"air-combat-script","localizations\ch\interface\text\mission\single\0x-skirmish\1943_02-ger_kharkov.po","Cleanup","1","retreat"
"air-combat-script","localizations\ch\interface\text\mission\single\0x-skirmish\1943_02-ger_kharkov.po","SpawnDeployment","1","Reinforcement"
"air-combat-script","localizations\ch\interface\text\mission\single\0x-skirmish\1944_07-fin_ilomantsi.po","Cleanup","1","retreat"
"air-combat-script","localizations\ch\interface\text\mission\single\0x-skirmish\1944_07-fin_ilomantsi.po","Aircraft","1","plane"
"air-combat-script","localizations\ch\interface\text\mission\single\0x-skirmish\1944_07-fin_ilomantsi.po","SpawnDeployment","2","Reinforcement | deploy"
"air-combat-script","localizations\ch\interface\text\mission\single\0x-skirmish\1944_07-rus_op_bagration.po","Cleanup","1","retreat"
"air-combat-script","localizations\ch\interface\text\mission\single\0x-skirmish\1944_07-rus_op_bagration.po","SpawnDeployment","2","Reinforcement | deploy"
"air-combat-script","localizations\ch\interface\text\mission\single\0x-skirmish\1945-04-ger_berlin.po","SpawnDeployment","1","Reinforcement"
"air-combat-script","localizations\ch\interface\text\mission\single\0x-skirmish\1945_04-rus_seelow_heights.po","SpawnDeployment","1","Reinforcement"
"air-combat-script","localizations\ch\interface\text\mission\single\0x-skirmish\reinf_eng.po","SpawnDeployment","2","Deploy | Deploy"
"air-combat-script","localizations\ch\interface\text\mission\single\0x-skirmish\reinf_fin.po","SpawnDeployment","1","Deploy"
"air-combat-script","localizations\ch\interface\text\mission\single\0x-skirmish\reinf_ger.po","SpawnDeployment","1","Deploy"
"air-combat-script","localizations\ch\interface\text\mission\single\0x-skirmish\reinf_rus.po","SpawnDeployment","1","Deploy"
"air-combat-script","localizations\ch\interface\text\mission\single\0x-skirmish\_common.po","SpawnDeployment","1","call-in"
"air-combat-script","localizations\default\interface\text\dlg_2.pot","Conquest","1","conquest"
"air-combat-script","localizations\default\interface\text\dlg_frontend.pot","Conquest","104","dynamic_campaign | Conquest | Conquest | CONQUEST | Conquest"
"air-combat-script","localizations\default\interface\text\dlg_frontend.pot","Cleanup","9","Remove | remove | remove | Remove | remove"
"air-combat-script","localizations\default\interface\text\dlg_frontend.pot","Airborne","2","airborne | Airborne"
"air-combat-script","localizations\default\interface\text\dlg_frontend.pot","Aircraft","3","Aircraft | aircraft | aircraft"
"air-combat-script","localizations\default\interface\text\dlg_frontend.pot","SpawnDeployment","9","DEPLOY | purchase | Call-in | Call-in | Call-in"
"air-combat-script","localizations\default\interface\text\dlg_frontend_fh.pot","Conquest","2","dynamic_campaign | dynamic_campaign"
"air-combat-script","localizations\default\interface\text\dlg_ingame.pot","Conquest","1","conquest"
"air-combat-script","localizations\default\interface\text\dlg_ingame.pot","Cleanup","2","Destroyed | Destroyed"
"air-combat-script","localizations\default\interface\text\dlg_ingame.pot","Airborne","1","airborne"
"air-combat-script","localizations\default\interface\text\dlg_ingame.pot","Aircraft","1","plane"
"air-combat-script","localizations\default\interface\text\dlg_mp.pot","Conquest","3","conquest | Conquest | conquest"
"air-combat-script","localizations\default\interface\text\dlg_mp.pot","Cleanup","3","Remove | Remove | Remove"
"air-combat-script","localizations\default\interface\text\dlg_mp.pot","Airborne","3","Airborne | airborne | Airborne"
"air-combat-script","localizations\default\interface\text\dlg_mp.pot","SpawnDeployment","6","spawn | purchase | purchase | purchase | Reinforcement"
"air-combat-script","localizations\default\interface\text\dlg_mp_frontlines.pot","Cleanup","4","Retreat | Retreat | Retreat | Retreat"
"air-combat-script","localizations\default\interface\text\editor.pot","Cleanup","4","remove | Remove | remove | Remove"
"air-combat-script","localizations\default\interface\text\info.pot","Cleanup","2","destroyed | destroyed"
"air-combat-script","localizations\default\interface\text\info.pot","Airborne","10","airborne | airborne | airborne | airborne | Airborne"
"air-combat-script","localizations\default\interface\text\info.pot","Aircraft","27","aircraft | aircraft | aircraft | plane | fighter"
"air-combat-script","localizations\default\interface\text\info.pot","SpawnDeployment","1","deploy"
"air-combat-script","localizations\default\interface\text\tips.pot","Cleanup","2","retreat | destroyed"
"air-combat-script","localizations\default\interface\text\announcements\cu6.pot","Conquest","1","CONQUEST"
"air-combat-script","localizations\default\interface\text\announcements\cu6.pot","Aircraft","1","AIRCRAFT"
"air-combat-script","localizations\default\interface\text\announcements\finesthour_release.pot","Cleanup","1","retreat"
"air-combat-script","localizations\default\interface\text\desc\desc_ammo_ger.pot","Aircraft","1","Aircraft"
"air-combat-script","localizations\default\interface\text\desc\desc_breed_airborne_ger.pot","Airborne","1","Airborne"
"air-combat-script","localizations\default\interface\text\desc\desc_breed_mp_fra.pot","Aircraft","7","Fighter | Fighter | Fighter | Fighter | Fighter"
"air-combat-script","localizations\default\interface\text\desc\desc_breed_mp_ned.pot","Aircraft","8","Fighter | Fighter | Fighter | Fighter | Fighter"
"air-combat-script","localizations\default\interface\text\desc\desc_breed_mp_uk.pot","Airborne","127","Airborne | Airborne | Airborne | Airborne | Airborne"
"air-combat-script","localizations\default\interface\text\desc\desc_breed_mp_usa.pot","Airborne","241","Airborne | Airborne | Airborne | Airborne | Airborne"
"air-combat-script","localizations\default\interface\text\desc\desc_breed_special_airborne.pot","Airborne","5","Airborne | Airborne | Airborne | Airborne | Airborne"
"air-combat-script","localizations\default\interface\text\desc\desc_gear_usa.pot","Airborne","31","Airborne | Airborne | Airborne | Airborne | Airborne"
"air-combat-script","localizations\default\interface\text\desc\desc_squad_doctrines_eng.pot","Aircraft","3","Plane | Plane | Plane"
"air-combat-script","localizations\default\interface\text\desc\desc_squad_doctrines_ger.pot","Aircraft","3","Plane | Plane | Plane"
"air-combat-script","localizations\default\interface\text\desc\desc_squad_doctrines_rus.pot","Aircraft","3","Plane | Plane | Plane"
"air-combat-script","localizations\default\interface\text\desc\desc_squad_eng.pot","Airborne","30","Airborne | Airborne | Airborne | Airborne | Airborne"
"air-combat-script","localizations\default\interface\text\desc\desc_squad_mp_usa.pot","Airborne","16","Airborne | Airborne | Airborne | Airborne | Airborne"
"air-combat-script","localizations\default\interface\text\desc\desc_squad_usa_dcg_late.pot","Airborne","7","Airborne | Airborne | Airborne | Airborne | Airborne"
"air-combat-script","localizations\default\interface\text\desc\desc_vehicles_eng.pot","Aircraft","5","Aircraft | Bomber | Fighter | Bomber | Fighter"
"air-combat-script","localizations\default\interface\text\desc\desc_vehicles_fin.pot","Aircraft","1","Bomber"
"air-combat-script","localizations\default\interface\text\desc\desc_vehicles_ger.pot","Aircraft","5","Fighter | Fighter | Fighter | Bomber | Plane"
"air-combat-script","localizations\default\interface\text\desc\desc_vehicles_ger_fh.pot","Aircraft","1","Fighter"
"air-combat-script","localizations\default\interface\text\desc\desc_vehicles_rus.pot","Aircraft","5","Fighter | Fighter | Bomber | Plane | Fighter"
"air-combat-script","localizations\default\interface\text\desc\desc_vehicles_usa.pot","Aircraft","4","Aircraft | Fighter | Aircraft | Fighter"
"air-combat-script","localizations\default\interface\text\desc\desc_weapon_generic.pot","Aircraft","1","Aircraft"
"air-combat-script","localizations\default\interface\text\mission\multi\common.pot","Aircraft","2","aircraft | bomber"
"air-combat-script","localizations\default\interface\text\mission\multi\errors_helper.pot","Conquest","4","conquest | dcg | dcg | dcg"
"air-combat-script","localizations\default\interface\text\mission\single\common.pot","SpawnDeployment","1","reinforcement"
"air-combat-script","localizations\default\interface\text\mission\single\00-bootcamp\03_artillery-reinforcements.pot","SpawnDeployment","1","deploy"
"air-combat-script","localizations\default\interface\text\mission\single\00-bootcamp\04_reinforcements-offmap-support.pot","SpawnDeployment","10","call in | reinforcement | call in | call in | reinforcement"
"air-combat-script","localizations\default\interface\text\mission\single\01-rus\1941_11_typhoon.pot","Aircraft","2","plane | plane"
"air-combat-script","localizations\default\interface\text\mission\single\01-rus\1942_05_kerch.pot","Cleanup","13","destroyed | Retreat | retreat | retreat | destroyed"
"air-combat-script","localizations\default\interface\text\mission\single\01-rus\1942_05_kerch.pot","Aircraft","12","aircraft | aircraft | aircraft | aircraft | fighter"
"air-combat-script","localizations\default\interface\text\mission\single\01-rus\1942_05_kerch.pot","SpawnDeployment","1","deploy"
"air-combat-script","localizations\default\interface\text\mission\single\01-rus\1942_09_pavlovs_house.pot","Cleanup","1","retreat"
"air-combat-script","localizations\default\interface\text\mission\single\01-rus\1942_12_winterstorm.pot","Aircraft","1","aircraft"
"air-combat-script","localizations\default\interface\text\mission\single\01-rus\1943_07_ponyri.pot","Aircraft","1","aircraft"
"air-combat-script","localizations\default\interface\text\mission\single\01-rus\1944_10_courland.pot","Aircraft","1","aircraft"
"air-combat-script","localizations\default\interface\text\mission\single\01-rus\1944_10_courland.pot","SpawnDeployment","46","reinforcement | reinforcement | reinforcement | reinforcement | reinforcement"
"air-combat-script","localizations\default\interface\text\mission\single\02-ger\1941_10_glushkovo.pot","SpawnDeployment","21","reinforcement | reinforcement | Deploy | reinforcement | reinforcement"
"air-combat-script","localizations\default\interface\text\mission\single\02-ger\1942_01_vyazma.pot","Aircraft","2","aircraft | aircraft"
"air-combat-script","localizations\default\interface\text\mission\single\02-ger\1942_09_elbrus.pot","Cleanup","1","retreat"
"air-combat-script","localizations\default\interface\text\mission\single\02-ger\1943_02_krasny_bor.pot","Cleanup","1","destroyed"
"air-combat-script","localizations\default\interface\text\mission\single\02-ger\1943_07_petrovka.pot","Cleanup","9","destroyed | Retreat | destroyed | destroyed | destroyed"
"air-combat-script","localizations\default\interface\text\mission\single\02-ger\1943_07_petrovka.pot","Aircraft","7","aircraft | fighter | plane | fighter | aircraft"
"air-combat-script","localizations\default\interface\text\mission\single\02-ger\1943_07_petrovka.pot","SpawnDeployment","1","reinforcement"
"air-combat-script","localizations\default\interface\text\mission\single\02-ger\1943_11_wotan.pot","Aircraft","1","aircraft"
"air-combat-script","localizations\default\interface\text\mission\single\02-ger\1943_11_wotan.pot","SpawnDeployment","1","deploy"
"air-combat-script","localizations\default\interface\text\mission\single\02-ger\1944_03_narva.pot","Cleanup","1","retreat"
"air-combat-script","localizations\default\interface\text\mission\single\02-ger\1944_03_narva.pot","Aircraft","1","aircraft"
"air-combat-script","localizations\default\interface\text\mission\single\02-ger\1944_09_yugoslavia.pot","Cleanup","1","retreat"
"air-combat-script","localizations\default\interface\text\mission\single\02-ger-west\1944_06_saint_lo_hills.pot","Aircraft","1","aircraft"
"air-combat-script","localizations\default\interface\text\mission\single\02-ger-west\1944_08_07_luttich.pot","Cleanup","1","retreat"
"air-combat-script","localizations\default\interface\text\mission\single\02-ger-west\1944_08_19_falaise_escape.pot","Cleanup","1","retreat"
"air-combat-script","localizations\default\interface\text\mission\single\02-ger-west\1944_08_19_falaise_escape.pot","Aircraft","1","aircraft"
"air-combat-script","localizations\default\interface\text\mission\single\02-ger-west\1945_01_thirimont.pot","SpawnDeployment","2","Deploy | deploy"
"air-combat-script","localizations\default\interface\text\mission\single\03-fin\1939_12_kollaa.pot","Cleanup","7","retreat | retreat | destroyed | retreat | destroyed"
"air-combat-script","localizations\default\interface\text\mission\single\03-fin\1941_08_ino_station.pot","SpawnDeployment","2","deploy | deploy"
"air-combat-script","localizations\default\interface\text\mission\single\03-fin\1944_06_tali-ilhantala.pot","Cleanup","1","retreat"
"air-combat-script","localizations\default\interface\text\mission\single\03-fin\1944_06_tali-ilhantala.pot","Aircraft","1","aircraft"
"air-combat-script","localizations\default\interface\text\mission\single\04-usa\1944_06_pointe_du_hoc.pot","Cleanup","3","destroyed | destroyed | destroyed"
"air-combat-script","localizations\default\interface\text\mission\single\04-usa\1944_06_pointe_du_hoc.pot","Airborne","2","airborne | Airborne"
"air-combat-script","localizations\default\interface\text\mission\single\04-usa\1944_06_pointe_du_hoc.pot","SpawnDeployment","2","call in | Call in"
"air-combat-script","localizations\default\interface\text\mission\single\04-usa\1944_07_hedgerow_hell.pot","Aircraft","1","plane"
"air-combat-script","localizations\default\interface\text\mission\single\04-usa\1944_07_hedgerow_hell.pot","SpawnDeployment","2","Call-in | Call-in"
"air-combat-script","localizations\default\interface\text\mission\single\04-usa\1944_07_skirmish_operation_cobra.pot","Aircraft","2","plane | aircraft"
"air-combat-script","localizations\default\interface\text\mission\single\04-usa\1944_07_skirmish_operation_cobra.pot","SpawnDeployment","1","Reinforcement"
"air-combat-script","localizations\default\interface\text\mission\single\04-usa\1944_08_mortain.pot","Cleanup","1","destroyed"
"air-combat-script","localizations\default\interface\text\mission\single\04-usa\1944_08_skirmish_falaise_pocket.pot","Cleanup","1","retreat"
"air-combat-script","localizations\default\interface\text\mission\single\04-usa\1944_08_skirmish_falaise_pocket.pot","Aircraft","2","plane | aircraft"
"air-combat-script","localizations\default\interface\text\mission\single\04-usa\1944_08_skirmish_falaise_pocket.pot","SpawnDeployment","1","Reinforcement"
"air-combat-script","localizations\default\interface\text\mission\single\04-usa\1944_10_skirmish_hurtgen_forest.pot","Cleanup","1","retreat"
"air-combat-script","localizations\default\interface\text\mission\single\04-usa\1944_10_skirmish_hurtgen_forest.pot","Aircraft","2","plane | aircraft"
"air-combat-script","localizations\default\interface\text\mission\single\04-usa\1944_10_skirmish_hurtgen_forest.pot","SpawnDeployment","1","Reinforcement"
"air-combat-script","localizations\default\interface\text\mission\single\04-usa\1944_12_hill400.pot","Aircraft","1","aircraft"
"air-combat-script","localizations\default\interface\text\mission\single\04-usa\1944_12_skirmish_bulge.pot","Aircraft","2","plane | aircraft"
"air-combat-script","localizations\default\interface\text\mission\single\04-usa\1944_12_skirmish_bulge.pot","SpawnDeployment","1","Reinforcement"
"air-combat-script","localizations\default\interface\text\mission\single\04-usa\reinf_usa.pot","Airborne","1","Airborne"
"air-combat-script","localizations\default\interface\text\mission\single\04-usa\reinf_usa.pot","SpawnDeployment","1","Deploy"
"air-combat-script","localizations\default\interface\text\mission\single\041-usa_airborne\1944_06_01_pathfinders.pot","Cleanup","1","destroyed"
"air-combat-script","localizations\default\interface\text\mission\single\041-usa_airborne\1944_06_01_pathfinders.pot","Airborne","2","airborne | airborne"
"air-combat-script","localizations\default\interface\text\mission\single\041-usa_airborne\1944_06_01_pathfinders.pot","Aircraft","3","aircraft | aircraft | aircraft"
"air-combat-script","localizations\default\interface\text\mission\single\041-usa_airborne\1944_06_01_pathfinders.pot","SpawnDeployment","1","Deploy"
"air-combat-script","localizations\default\interface\text\mission\single\041-usa_airborne\1944_06_02_sainte_mere_eglise.pot","Cleanup","6","destroyed | destroyed | destroyed | destroyed | destroyed"
"air-combat-script","localizations\default\interface\text\mission\single\041-usa_airborne\1944_06_02_sainte_mere_eglise.pot","Airborne","1","Airborne"
"air-combat-script","localizations\default\interface\text\mission\single\041-usa_airborne\1944_06_02_sainte_mere_eglise.pot","Aircraft","1","Aircraft"
"air-combat-script","localizations\default\interface\text\mission\single\041-usa_airborne\1944_06_02_sainte_mere_eglise.pot","SpawnDeployment","1","deploy"
"air-combat-script","localizations\default\interface\text\mission\single\041-usa_airborne\1944_06_03_brecourt_manor.pot","Cleanup","2","destroyed | destroyed"
"air-combat-script","localizations\default\interface\text\mission\single\041-usa_airborne\1944_06_03_brecourt_manor.pot","Airborne","1","Airborne"
"air-combat-script","localizations\default\interface\text\mission\single\041-usa_airborne\1944_06_04_la-fiere_bridge.pot","Airborne","2","Airborne | Airborne"
"air-combat-script","localizations\default\interface\text\mission\single\041-usa_airborne\1944_06_04_la-fiere_bridge.pot","SpawnDeployment","1","call in"
"air-combat-script","localizations\default\interface\text\mission\single\041-usa_airborne\1944_06_05_carentan.pot","Airborne","1","Airborne"
"air-combat-script","localizations\default\interface\text\mission\single\041-usa_airborne\1944_06_06_bloody_gulch.pot","Cleanup","2","destroyed | destroyed"
"air-combat-script","localizations\default\interface\text\mission\single\041-usa_airborne\1944_06_06_bloody_gulch.pot","Airborne","1","Airborne"
"air-combat-script","localizations\default\interface\text\mission\single\041-usa_airborne\1944_09_01_nijmegen.pot","Airborne","4","Airborne | Airborne | Airborne | Airborne"
"air-combat-script","localizations\default\interface\text\mission\single\041-usa_airborne\1944_09_01_nijmegen.pot","SpawnDeployment","1","call in"
"air-combat-script","localizations\default\interface\text\mission\single\041-usa_airborne\1944_09_02_veghel.pot","Airborne","1","Airborne"
"air-combat-script","localizations\default\interface\text\mission\single\041-usa_airborne\1944_12_01_noville.pot","Airborne","1","Airborne"
"air-combat-script","localizations\default\interface\text\mission\single\041-usa_airborne\1944_12_02_elsenborn.pot","Airborne","2","Airborne | Airborne"
"air-combat-script","localizations\default\interface\text\mission\single\041-usa_airborne\1944_12_03_bastogne.pot","Airborne","1","Airborne"
"air-combat-script","localizations\default\interface\text\mission\single\041-usa_airborne\1945_04_30_elbe.pot","Airborne","2","Airborne | Airborne"
"air-combat-script","localizations\default\interface\text\mission\single\041-usa_airborne\1945_04_30_elbe.pot","Aircraft","1","aircraft"
"air-combat-script","localizations\default\interface\text\mission\single\041-usa_airborne\campaign.pot","Airborne","1","AIRBORNE"
"air-combat-script","localizations\default\interface\text\mission\single\041-usa_airborne\reinf_usa.pot","Airborne","1","Airborne"
"air-combat-script","localizations\default\interface\text\mission\single\041-usa_airborne\reinf_usa.pot","SpawnDeployment","1","Deploy"
"air-combat-script","localizations\default\interface\text\mission\single\05-eng\1940_05_13_dyle.pot","Cleanup","5","destroyed | destroyed | destroyed | destroyed | destroyed"
"air-combat-script","localizations\default\interface\text\mission\single\05-eng\1940_05_13_dyle.pot","Aircraft","7","plane | plane | aircraft | plane | plane"
"air-combat-script","localizations\default\interface\text\mission\single\05-eng\1940_05_20_arras_skirmish.pot","Cleanup","1","destroyed"
"air-combat-script","localizations\default\interface\text\mission\single\05-eng\1940_05_20_arras_skirmish.pot","SpawnDeployment","1","Reinforcement"
"air-combat-script","localizations\default\interface\text\mission\single\05-eng\1940_06_03_dunkirk.pot","Cleanup","4","retreat | retreat | retreat | destroyed"
"air-combat-script","localizations\default\interface\text\mission\single\05-eng\1940_06_03_dunkirk.pot","Aircraft","1","plane"
"air-combat-script","localizations\default\interface\text\mission\single\05-eng\1940_06_03_dunkirk.pot","Dogfight","2","Dogfight | Dogfight"
"air-combat-script","localizations\default\interface\text\mission\single\05-eng\1944_06_05_pegasus.pot","Airborne","1","Airborne"
"air-combat-script","localizations\default\interface\text\mission\single\05-eng\1944_07_13_villers-bocage_skirmish.pot","Aircraft","2","plane | aircraft"
"air-combat-script","localizations\default\interface\text\mission\single\05-eng\1944_07_13_villers-bocage_skirmish.pot","SpawnDeployment","1","Reinforcement"
"air-combat-script","localizations\default\interface\text\mission\single\05-eng\1944_07_18_caen_goodwood.pot","Cleanup","1","destroyed"
"air-combat-script","localizations\default\interface\text\mission\single\05-eng\1944_07_18_caen_goodwood.pot","SpawnDeployment","1","call in"
"air-combat-script","localizations\default\interface\text\mission\single\05-eng\1944_09_17_arnhem.pot","Cleanup","2","destroyed | retreat"
"air-combat-script","localizations\default\interface\text\mission\single\05-eng\1944_09_17_arnhem.pot","Airborne","2","Airborne | Airborne"
"air-combat-script","localizations\default\interface\text\mission\single\05-eng\1944_09_20_marketgarden_skirmish.pot","Airborne","1","Airborne"
"air-combat-script","localizations\default\interface\text\mission\single\05-eng\1944_09_20_marketgarden_skirmish.pot","SpawnDeployment","1","Reinforcement"
"air-combat-script","localizations\default\interface\text\mission\single\05-eng\1944_09_20_oosterbeek.pot","Cleanup","4","retreat | retreat | destroyed | destroyed"
"air-combat-script","localizations\default\interface\text\mission\single\05-eng\1944_09_20_oosterbeek.pot","Airborne","1","Airborne"
"air-combat-script","localizations\default\interface\text\mission\single\05-eng\1945_03_24_varsity.pot","Cleanup","4","destroyed | destroyed | destroyed | destroyed"
"air-combat-script","localizations\default\interface\text\mission\single\05-eng\1945_03_24_varsity.pot","Airborne","6","airborne | airborne | Airborne | Airborne | airborne"
"air-combat-script","localizations\default\interface\text\mission\single\051-ger_finesthour\1940_06_st_valery_en_caux.pot","SpawnDeployment","1","call in"
"air-combat-script","localizations\default\interface\text\mission\single\051-ger_finesthour\1944_06_swordbeach.pot","Cleanup","1","retreat"
"air-combat-script","localizations\default\interface\text\mission\single\051-ger_finesthour\1944_06_tilly_sur_seulles.pot","Aircraft","3","plane | plane | aircraft"
"air-combat-script","localizations\default\interface\text\mission\single\051-ger_finesthour\1944_06_tilly_sur_seulles.pot","SpawnDeployment","1","Reinforcement"
"air-combat-script","localizations\default\interface\text\mission\single\051-ger_finesthour\1944_09_koevering.pot","Cleanup","1","retreat"
"air-combat-script","localizations\default\interface\text\mission\single\051-ger_finesthour\1944_10_woensdrecht.pot","Cleanup","1","retreat"
"air-combat-script","localizations\default\interface\text\mission\single\051-ger_finesthour\1944_10_woensdrecht.pot","SpawnDeployment","1","reinforcement"
"air-combat-script","localizations\default\interface\text\mission\single\06-bonus\1941_12_feodosia.pot","Cleanup","1","retreat"
"air-combat-script","localizations\default\interface\text\mission\single\06-bonus\1941_12_feodosia.pot","Aircraft","3","aircraft | aircraft | plane"
"air-combat-script","localizations\default\interface\text\mission\single\06-bonus\1945_04_yugoslavia.pot","Aircraft","11","fighter | fighter | fighter | fighter | fighter"
"air-combat-script","localizations\default\interface\text\mission\single\0x-skirmish\1940_02-fin_honkaniemi.pot","Cleanup","1","retreat"
"air-combat-script","localizations\default\interface\text\mission\single\0x-skirmish\1940_02-fin_honkaniemi.pot","SpawnDeployment","2","Reinforcement | deploy"
"air-combat-script","localizations\default\interface\text\mission\single\0x-skirmish\1941_07-fin_petrozavodsk.pot","Cleanup","1","retreat"
"air-combat-script","localizations\default\interface\text\mission\single\0x-skirmish\1941_07-fin_petrozavodsk.pot","SpawnDeployment","2","Reinforcement | deploy"
"air-combat-script","localizations\default\interface\text\mission\single\0x-skirmish\1941_07-rus_smolensk.pot","Aircraft","2","plane | aircraft"
"air-combat-script","localizations\default\interface\text\mission\single\0x-skirmish\1941_07-rus_smolensk.pot","SpawnDeployment","1","Reinforcement"
"air-combat-script","localizations\default\interface\text\mission\single\0x-skirmish\1941_08-fin_polar_fox_alakurtti.pot","Cleanup","1","retreat"
"air-combat-script","localizations\default\interface\text\mission\single\0x-skirmish\1941_08-fin_polar_fox_alakurtti.pot","SpawnDeployment","2","Reinforcement | deploy"
"air-combat-script","localizations\default\interface\text\mission\single\0x-skirmish\1941_11-ger_moscow.pot","SpawnDeployment","1","Reinforcement"
"air-combat-script","localizations\default\interface\text\mission\single\0x-skirmish\1942_10-rus_stalingrad_volga.pot","Aircraft","1","plane"
"air-combat-script","localizations\default\interface\text\mission\single\0x-skirmish\1942_10-rus_stalingrad_volga.pot","SpawnDeployment","1","Reinforcement"
"air-combat-script","localizations\default\interface\text\mission\single\0x-skirmish\1942_11-ger_mamayev_kurgan.pot","SpawnDeployment","1","Reinforcement"
"air-combat-script","localizations\default\interface\text\mission\single\0x-skirmish\1943_02-ger_kharkov.pot","Cleanup","1","retreat"
"air-combat-script","localizations\default\interface\text\mission\single\0x-skirmish\1943_02-ger_kharkov.pot","SpawnDeployment","1","Reinforcement"
"air-combat-script","localizations\default\interface\text\mission\single\0x-skirmish\1944_07-fin_ilomantsi.pot","Cleanup","1","retreat"
"air-combat-script","localizations\default\interface\text\mission\single\0x-skirmish\1944_07-fin_ilomantsi.pot","Aircraft","1","plane"
"air-combat-script","localizations\default\interface\text\mission\single\0x-skirmish\1944_07-fin_ilomantsi.pot","SpawnDeployment","2","Reinforcement | deploy"
"air-combat-script","localizations\default\interface\text\mission\single\0x-skirmish\1944_07-rus_op_bagration.pot","Cleanup","1","retreat"
"air-combat-script","localizations\default\interface\text\mission\single\0x-skirmish\1944_07-rus_op_bagration.pot","SpawnDeployment","2","Reinforcement | deploy"
"air-combat-script","localizations\default\interface\text\mission\single\0x-skirmish\1945-04-ger_berlin.pot","SpawnDeployment","1","Reinforcement"
"air-combat-script","localizations\default\interface\text\mission\single\0x-skirmish\1945_04-rus_seelow_heights.pot","SpawnDeployment","1","Reinforcement"
"air-combat-script","localizations\default\interface\text\mission\single\0x-skirmish\reinf_eng.pot","SpawnDeployment","2","Deploy | Deploy"
"air-combat-script","localizations\default\interface\text\mission\single\0x-skirmish\reinf_fin.pot","SpawnDeployment","1","Deploy"
"air-combat-script","localizations\default\interface\text\mission\single\0x-skirmish\reinf_ger.pot","SpawnDeployment","1","Deploy"
"air-combat-script","localizations\default\interface\text\mission\single\0x-skirmish\reinf_rus.pot","SpawnDeployment","1","Deploy"
"air-combat-script","localizations\default\interface\text\mission\single\0x-skirmish\_common.pot","SpawnDeployment","1","call-in"
"air-combat-script","resource\entity\-vehicle\eng\airborne\blenheim_mk1_eng\blenheimmk1.mdl","Airborne","1","airborne"
"air-combat-script","resource\entity\-vehicle\eng\airborne\blenheim_mk1_eng\blenheim_mk1_eng.def","Cleanup","1","remove"
"air-combat-script","resource\entity\-vehicle\eng\airborne\blenheim_mk1_eng\blenheim_mk1_eng.def","Airborne","3","airborne | airborne | airborne"
"air-combat-script","resource\entity\-vehicle\eng\airborne\blenheim_mk1_eng\blenheim_mk1_eng_ai.def","Cleanup","1","remove"
"air-combat-script","resource\entity\-vehicle\eng\airborne\blenheim_mk1_eng\blenheim_mk1_eng_ai.def","Airborne","3","airborne | airborne | airborne"
"air-combat-script","resource\entity\-vehicle\eng\airborne\blenheim_mk1_eng\blenheim_mk1_eng_user.def","Airborne","3","airborne | airborne | airborne"
"air-combat-script","resource\entity\-vehicle\eng\airborne\hurribomber_mk2c\hurribombermk2c.mdl","Airborne","1","airborne"
"air-combat-script","resource\entity\-vehicle\eng\airborne\hurribomber_mk2c\hurribomber_mk2c_air_combat.def","Cleanup","1","remove"
"air-combat-script","resource\entity\-vehicle\eng\airborne\hurribomber_mk2c\hurribomber_mk2c_air_combat.def","Airborne","2","airborne | airborne"
"air-combat-script","resource\entity\-vehicle\eng\airborne\hurribomber_mk2c\hurribomber_mk2c_air_combat_ai.def","Cleanup","1","remove"
"air-combat-script","resource\entity\-vehicle\eng\airborne\hurribomber_mk2c\hurribomber_mk2c_air_combat_ai.def","Airborne","2","airborne | airborne"
"air-combat-script","resource\entity\-vehicle\eng\airborne\hurribomber_mk2c\hurribomber_mk2c_cas.def","Cleanup","1","remove"
"air-combat-script","resource\entity\-vehicle\eng\airborne\hurribomber_mk2c\hurribomber_mk2c_cas.def","Airborne","3","airborne | airborne | airborne"
"air-combat-script","resource\entity\-vehicle\eng\airborne\hurribomber_mk2c\hurribomber_mk2c_cas_ai.def","Cleanup","1","remove"
"air-combat-script","resource\entity\-vehicle\eng\airborne\hurribomber_mk2c\hurribomber_mk2c_cas_ai.def","Airborne","3","airborne | airborne | airborne"
"air-combat-script","resource\entity\-vehicle\eng\airborne\hurribomber_mk2c\hurribomber_mk2c_user.def","Cleanup","1","remove"
"air-combat-script","resource\entity\-vehicle\eng\airborne\hurribomber_mk2c\hurribomber_mk2c_user.def","Airborne","4","airborne | airborne | airborne | airborne"
"air-combat-script","resource\entity\-vehicle\eng\airborne\hurricane_mk1a\hurricane_mk1a.def","Cleanup","1","remove"
"air-combat-script","resource\entity\-vehicle\eng\airborne\hurricane_mk1a\hurricane_mk1a.def","Airborne","2","airborne | airborne"
"air-combat-script","resource\entity\-vehicle\eng\airborne\hurricane_mk1a\hurricane_mk1a.mdl","Airborne","1","airborne"
"air-combat-script","resource\entity\-vehicle\eng\airborne\typhoon_mk1b\typhoon_mk1b.def","Cleanup","1","remove"
"air-combat-script","resource\entity\-vehicle\eng\airborne\typhoon_mk1b\typhoon_mk1b.def","Airborne","2","airborne | airborne"
"air-combat-script","resource\entity\-vehicle\eng\airborne\typhoon_mk1b\typhoon_mk1b.mdl","Airborne","1","airborne"
"air-combat-script","resource\entity\-vehicle\eng\airborne\typhoon_mk1b\typhoon_mk1b_recon.mdl","Airborne","1","airborne"
"air-combat-script","resource\entity\-vehicle\germany\airborne\bf109_f4old\bf109f4.mdl","Airborne","1","airborne"
"air-combat-script","resource\entity\-vehicle\germany\airborne\bf109_f4old\bf109f42.mdl","Airborne","1","airborne"
"air-combat-script","resource\entity\-vehicle\germany\airborne\bf109_f4old\bf109_f4_air_combat.def","Cleanup","1","remove"
"air-combat-script","resource\entity\-vehicle\germany\airborne\bf109_f4old\bf109_f4_air_combat.def","Airborne","2","airborne | airborne"
"air-combat-script","resource\entity\-vehicle\germany\airborne\bf109_f4old\bf109_f4_air_combat_ai.def","Cleanup","1","remove"
"air-combat-script","resource\entity\-vehicle\germany\airborne\bf109_f4old\bf109_f4_air_combat_ai.def","Airborne","2","airborne | airborne"
"air-combat-script","resource\entity\-vehicle\germany\airborne\bf109_f4old\bf109_f4_cas.def","Cleanup","1","remove"
"air-combat-script","resource\entity\-vehicle\germany\airborne\bf109_f4old\bf109_f4_cas.def","Airborne","3","airborne | airborne | airborne"
"air-combat-script","resource\entity\-vehicle\germany\airborne\bf109_f4old\bf109_f4_cas_ai.def","Cleanup","1","remove"
"air-combat-script","resource\entity\-vehicle\germany\airborne\bf109_f4old\bf109_f4_cas_ai.def","Airborne","3","airborne | airborne | airborne"
"air-combat-script","resource\entity\-vehicle\germany\airborne\bf109_f4old\bf109_f4_user.def","Cleanup","1","remove"
"air-combat-script","resource\entity\-vehicle\germany\airborne\bf109_f4old\bf109_f4_user.def","Airborne","4","airborne | airborne | airborne | airborne"
"air-combat-script","resource\entity\-vehicle\germany\airborne\bf110_e2\bf110e2.mdl","Airborne","1","airborne"
"air-combat-script","resource\entity\-vehicle\germany\airborne\bf110_e2\bf110_e2.def","Airborne","3","airborne | airborne | airborne"
"air-combat-script","resource\entity\-vehicle\germany\airborne\bf110_e2\bf110_e2_ai.def","Cleanup","1","remove"
"air-combat-script","resource\entity\-vehicle\germany\airborne\bf110_e2\bf110_e2_ai.def","Airborne","3","airborne | airborne | airborne"
"air-combat-script","resource\entity\-vehicle\germany\airborne\bf110_e2\bf110_e2_user.def","Airborne","3","airborne | airborne | airborne"
"air-combat-script","resource\entity\-vehicle\germany\tank_light\select\select.def","Cleanup","1","remove"
"air-combat-script","resource\entity\-vehicle\germany\tank_light\select\select.mdl","Airborne","1","airborne"
"air-combat-script","resource\entity\-vehicle\germany\tank_light\select_human\select_human.def","Cleanup","1","remove"
"air-combat-script","resource\entity\-vehicle\germany\tank_light\select_human\select_human.mdl","Airborne","1","airborne"
"air-combat-script","resource\entity\-vehicle\germany\tank_light\select_human1\select_human1.def","Cleanup","1","remove"
"air-combat-script","resource\entity\-vehicle\germany\tank_light\select_human1\select_human1.mdl","Airborne","1","airborne"
"air-combat-script","resource\entity\-vehicle\usa\airborne\c47_d\c47_d.def","Airborne","2","airborne | airborne"
"air-combat-script","resource\entity\-vehicle\usa\airborne\c47_d\c47_d.mdl","Airborne","1","airborne"
"air-combat-script","resource\entity\-vehicle\usa\airborne\c47_d\c47_d_ai.def","Airborne","2","airborne | airborne"
"air-combat-script","resource\entity\-vehicle\usa\airborne\p47_d22\p47d22.mdl","Airborne","1","airborne"
"air-combat-script","resource\entity\-vehicle\usa\airborne\p47_d22\p47_d22.def","Airborne","3","airborne | airborne | airborne"
"air-combat-script","resource\entity\-vehicle\usa\airborne\p47_d22\p47_d22_air_combat.def","Cleanup","1","remove"
"air-combat-script","resource\entity\-vehicle\usa\airborne\p47_d22\p47_d22_air_combat.def","Airborne","2","airborne | airborne"
"air-combat-script","resource\entity\-vehicle\usa\airborne\p47_d22\p47_d22_air_combat_ai.def","Cleanup","1","remove"
"air-combat-script","resource\entity\-vehicle\usa\airborne\p47_d22\p47_d22_air_combat_ai.def","Airborne","2","airborne | airborne"
"air-combat-script","resource\entity\-vehicle\usa\airborne\p47_d22\p47_d22_cas.def","Cleanup","1","remove"
"air-combat-script","resource\entity\-vehicle\usa\airborne\p47_d22\p47_d22_cas.def","Airborne","3","airborne | airborne | airborne"
"air-combat-script","resource\entity\-vehicle\usa\airborne\p47_d22\p47_d22_cas_ai.def","Cleanup","1","remove"
"air-combat-script","resource\entity\-vehicle\usa\airborne\p47_d22\p47_d22_cas_ai.def","Airborne","3","airborne | airborne | airborne"
"air-combat-script","resource\entity\-vehicle\usa\airborne\p47_d22\p47_d22_combat.mdl","Airborne","1","airborne"
"air-combat-script","resource\entity\-vehicle\usa\airborne\p47_d22\p47_d22_user.def","Cleanup","1","remove"
"air-combat-script","resource\entity\-vehicle\usa\airborne\p47_d22\p47_d22_user.def","Airborne","3","airborne | airborne | airborne"
"air-combat-script","resource\entity\-vehicle\ussr\airborne\il2_mod42\il2mod42.mdl","Airborne","1","airborne"
"air-combat-script","resource\entity\-vehicle\ussr\airborne\il2_mod42\il2_mod42.def","Airborne","3","airborne | airborne | airborne"
"air-combat-script","resource\entity\-vehicle\ussr\airborne\il2_mod42\il2_mod42_air_combat.def","Cleanup","1","remove"
"air-combat-script","resource\entity\-vehicle\ussr\airborne\il2_mod42\il2_mod42_air_combat.def","Airborne","2","airborne | airborne"
"air-combat-script","resource\entity\-vehicle\ussr\airborne\il2_mod42\il2_mod42_cas.def","Cleanup","1","remove"
"air-combat-script","resource\entity\-vehicle\ussr\airborne\il2_mod42\il2_mod42_cas.def","Airborne","3","airborne | airborne | airborne"
"air-combat-script","resource\entity\-vehicle\ussr\airborne\il2_mod42\il2_mod42_cas_ai.def","Cleanup","1","remove"
"air-combat-script","resource\entity\-vehicle\ussr\airborne\il2_mod42\il2_mod42_cas_ai.def","Airborne","3","airborne | airborne | airborne"
"air-combat-script","resource\entity\-vehicle\ussr\airborne\il2_mod42\il2_mod42_user.def","Airborne","3","airborne | airborne | airborne"
"air-combat-script","resource\entity\-vehicle\ussr\airborne\po2\po2dsk.def","Airborne","2","airborne | airborne"
"air-combat-script","resource\entity\-vehicle\ussr\airborne\po2\po2dsk.mdl","Airborne","1","airborne"
"air-combat-script","resource\entity\-vehicle\ussr\airborne\po2\po2dskai.def","Airborne","2","airborne | airborne"
"air-combat-script","resource\entity\-vehicle\ussr\airborne\yak1_ser69\yak1ser69.mdl","Airborne","1","airborne"
"air-combat-script","resource\entity\-vehicle\ussr\airborne\yak1_ser69\yak1_ser69combat.def","Cleanup","1","remove"
"air-combat-script","resource\entity\-vehicle\ussr\airborne\yak1_ser69\yak1_ser69combat.def","Airborne","2","airborne | airborne"
"air-combat-script","resource\entity\-vehicle\ussr\airborne\yak1_ser69\yak1_ser69combat_ai.def","Cleanup","1","remove"
"air-combat-script","resource\entity\-vehicle\ussr\airborne\yak1_ser69\yak1_ser69combat_ai.def","Airborne","2","airborne | airborne"
"air-combat-script","resource\entity\humanskin\human\human.mdl","SpawnDeployment","1","spawn"
"air-combat-script","resource\interface\scene\minimap\minimap.set","Airborne","1","airborne"
"air-combat-script","resource\interface\scene\minimap\minimap.set","Aircraft","1","aircraft"
"air-combat-script","resource\map\multi\dcg_script.inc","Conquest","33","dcg | dcg | dcg | dcg | dcg"
"air-combat-script","resource\map\multi\dcg_script.inc","Cleanup","15","remove | remove | destroyed | destroyed | destroyed"
"air-combat-script","resource\map\multi\dcg_script.inc","SpawnDeployment","2","spawn | spawn"
"air-combat-script","resource\properties\airborne.ext","Airborne","6","airborne | airborne | airborne | airborne | airborne"
"air-combat-script","resource\properties\airborne.ext","Aircraft","6","aircraft | aircraft | aircraft | aircraft | aircraft"
"air-combat-script","resource\properties\airborne.ext","SpawnDeployment","2","spawn | spawn"
"air-combat-script","resource\properties\airborne2.ext","Airborne","7","airborne | airborne | airborne | airborne | airborne"
"air-combat-script","resource\properties\airborne2.ext","Aircraft","6","aircraft | aircraft | aircraft | aircraft | aircraft"
"air-combat-script","resource\properties\airborne2.ext","SpawnDeployment","2","spawn | spawn"
"air-combat-script","resource\properties\airborne_combat.ext","Airborne","6","airborne | airborne | airborne | airborne | airborne"
"air-combat-script","resource\properties\airborne_combat.ext","Aircraft","6","aircraft | aircraft | aircraft | aircraft | aircraft"
"air-combat-script","resource\properties\airborne_combat.ext","SpawnDeployment","2","spawn | spawn"
"air-combat-script","resource\properties\airborne_spawn.ext","Airborne","6","airborne | airborne | airborne | airborne | airborne"
"air-combat-script","resource\properties\airborne_spawn.ext","Aircraft","6","aircraft | aircraft | aircraft | aircraft | aircraft"
"air-combat-script","resource\properties\airborne_spawn.ext","SpawnDeployment","2","spawn | spawn"
"air-combat-script","resource\properties\armor.ext","Airborne","1","Airborne"
"air-combat-script","resource\script\multiplayer\modes\conquest.lua","Conquest","1","conquest"
"air-combat-script","resource\script\multiplayer\modes\conquest.lua","SpawnDeployment","3","purchase | spawn | spawn"
"air-combat-script","resource\script\multiplayer\units\eng\conquest.eng.lua","Conquest","1","conquest"
"air-combat-script","resource\script\multiplayer\units\eng\conquest.eng.lua","Aircraft","1","Aircraft"
"air-combat-script","resource\script\multiplayer\units\fin\conquest.fin.lua","Conquest","1","conquest"
"air-combat-script","resource\script\multiplayer\units\fin\conquest.fin.lua","Aircraft","1","Aircraft"
"air-combat-script","resource\script\multiplayer\units\ger\conquest.ger.lua","Conquest","1","conquest"
"air-combat-script","resource\script\multiplayer\units\ger\conquest.ger.lua","Aircraft","1","Aircraft"
"air-combat-script","resource\script\multiplayer\units\rus\conquest.rus.lua","Conquest","1","conquest"
"air-combat-script","resource\script\multiplayer\units\usa\conquest.usa.lua","Conquest","1","conquest"
"air-combat-script","resource\script\multiplayer\units\usa\conquest.usa.lua","Aircraft","1","Aircraft"
"air-combat-script","resource\set\colliders.set","Cleanup","1","remove"
"air-combat-script","resource\set\colliders.set","Airborne","1","airborne"
"air-combat-script","resource\set\interaction_entity\airborne.inc","Conquest","2","conquest | conquest"
"air-combat-script","resource\set\interaction_entity\airborne.inc","Cleanup","43","destroyed | destroyed | destroyed | destroyed | destroyed"
"air-combat-script","resource\set\interaction_entity\airborne.inc","Airborne","115","airborne | airborne | airborne | airborne | airborne"
"air-combat-script","resource\set\interaction_entity\airborne.inc","Aircraft","9","plane | plane | plane | Plane | Plane"
"air-combat-script","resource\set\interaction_entity\airborne.inc","SpawnDeployment","99","spawn | spawn | spawn | spawn | spawn"
"air-combat-script","resource\set\interaction_entity\dummy.inc","Cleanup","16","remove | remove | remove | remove | remove"
"air-combat-script","resource\set\interaction_entity\dummy.inc","SpawnDeployment","169","spawn | spawn | spawn | spawn | spawn"
"air-combat-script","resource\set\interaction_entity\human.inc","Conquest","1","conquest"
"air-combat-script","resource\set\interaction_entity\human.inc","Cleanup","15","remove | remove | remove | remove | remove"
"air-combat-script","resource\set\interaction_entity\human.inc","Airborne","9","airborne | airborne | airborne | airborne | airborne"
"air-combat-script","resource\set\interaction_entity\human.inc","Aircraft","2","plane | plane"
"air-combat-script","resource\set\interaction_entity\human.inc","SpawnDeployment","65","spawn | spawn | spawn | spawn | spawn"
"air-combat-script","resource\set\multiplayer\games\campaign_capture_the_flag.set","Conquest","3","conquest | dynamic campaign | conquest"
"air-combat-script","resource\set\multiplayer\games\campaign_capture_the_flag.set","Airborne","2","airborne | airborne"
"air-combat-script","resource\set\multiplayer\units\conquest\settings.set","Conquest","28","dynamic campaign | dynamic campaign | conquest | conquest | conquest"
"air-combat-script","resource\set\multiplayer\units\conquest\settings.set","SpawnDeployment","1","spawn"
"air-combat-script","resource\set\multiplayer\units\conquest\units_eng.set","Cleanup","1","remove"
"air-combat-script","resource\set\multiplayer\units\conquest\units_eng.set","Aircraft","1","Aircraft"
"air-combat-script","resource\set\multiplayer\units\conquest\units_fin.set","Conquest","2","conquest | conquest"
"air-combat-script","resource\set\multiplayer\units\conquest\units_fin.set","Cleanup","1","remove"
"air-combat-script","resource\set\multiplayer\units\conquest\units_fin.set","Aircraft","1","Aircraft"
"air-combat-script","resource\set\multiplayer\units\conquest\units_ger.set","Cleanup","1","remove"
"air-combat-script","resource\set\multiplayer\units\conquest\units_ger.set","Aircraft","1","Aircraft"
"air-combat-script","resource\set\multiplayer\units\conquest\units_rus.set","Cleanup","1","remove"
"air-combat-script","resource\set\multiplayer\units\conquest\units_rus.set","Aircraft","1","Aircraft"
"air-combat-script","resource\set\multiplayer\units\conquest\units_usa.set","Cleanup","1","remove"
"air-combat-script","resource\set\multiplayer\units\conquest\units_usa.set","Aircraft","1","Aircraft"
"air-combat-script","resource\set\registry\camera.reg","Cleanup","2","REMOVE | REMOVE"
"air-combat-script","resource\set\registry\unit.reg","Airborne","6","Airborne | airborne | Airborne | airborne | Airborne"
"air-combat-script","resource\set\target\airborne_select.inc","Airborne","1","airborne"
"air-combat-script","resource\set\target\ammo.set","Airborne","1","airborne"
"air-combat-script","resource\set\target\ammo.set","Aircraft","14","plane | plane | plane | plane | plane"
"air-combat-script","resource\set\target\cannon_aa.inc","Airborne","2","airborne | airborne"
"air-combat-script","resource\set\target\cannon_big.inc","Airborne","2","airborne | airborne"
"air-combat-script","resource\set\target\cannon_bullet.inc","Airborne","1","airborne"
"air-combat-script","resource\set\target\cannon_small.inc","Airborne","2","airborne | airborne"
"air-combat-script","resource\set\target\cannon_zenite.inc","Airborne","1","airborne"
"air-combat-script","resource\set\target\car_bullet.inc","Airborne","1","airborne"
"air-combat-script","resource\set\target\human.inc","Airborne","1","airborne"
"air-combat-script","resource\set\target\human_ap.inc","Airborne","3","airborne | airborne | airborne"
"air-combat-script","resource\set\target\human_bullet.inc","Airborne","2","airborne | airborne"
"air-combat-script","resource\set\target\human_fg.inc","Airborne","1","airborne"
"air-combat-script","resource\set\target\searchlight.inc","Airborne","1","airborne"
"air-combat-script","resource\set\target\supergun.inc","Airborne","1","airborne"
"air-combat-script","resource\set\target\tank_bullet.inc","Airborne","2","airborne | airborne"
"air-combat-script","resource\set\target\tank_heavy.inc","Airborne","1","airborne"
"air-combat-script","resource\set\target\tank_light.inc","Airborne","2","airborne | airborne"
"air-combat-script","resource\set\target\tank_medium.inc","Airborne","1","airborne"
"air-combat-script","resource\set\target\tank_spg.inc","Airborne","7","airborne | airborne | airborne | airborne | airborne"
"air-combat-script","resource\set\target\tank_zenite.inc","Airborne","1","airborne"
"air-combat-script","resource\set\vision\vision_fields.inc","Airborne","2","Airborne | Airborne"
"air-combat-script","resource\set\vision\vision_fields.inc","Aircraft","6","plane | plane | plane | plane | plane"
