"Source","RelativePath","LengthBytes","Reason"
"air-combat-script","localizations\ch\interface\text\desc\desc_breed_airborne_ger.po","10003","air-combat path keyword"
"air-combat-script","localizations\ch\interface\text\desc\desc_breed_special_airborne.po","2141","air-combat path keyword"
"air-combat-script","localizations\ch\interface\text\desc\desc_squad_fin_dcg_late.po","3463","air-combat path keyword"
"air-combat-script","localizations\ch\interface\text\desc\desc_squad_ger_dcg_late.po","4757","air-combat path keyword"
"air-combat-script","localizations\ch\interface\text\desc\desc_squad_rus_dcg_late.po","5892","air-combat path keyword"
"air-combat-script","localizations\ch\interface\text\desc\desc_squad_usa_dcg_late.po","4166","air-combat path keyword"
"air-combat-script","localizations\ch\interface\text\mission\multi\dcg_hanhijarvi.po","783","air-combat path keyword"
"air-combat-script","localizations\ch\interface\text\mission\multi\dcg_hanhijarvi_winter.po","811","air-combat path keyword"
"air-combat-script","localizations\ch\interface\text\mission\multi\dcg_karvola.po","771","air-combat path keyword"
"air-combat-script","localizations\ch\interface\text\mission\multi\dcg_karvola_spring.po","799","air-combat path keyword"
"air-combat-script","localizations\ch\interface\text\mission\multi\dcg_kirjavala.po","779","air-combat path keyword"
"air-combat-script","localizations\ch\interface\text\mission\multi\dcg_kirjavala_winter.po","807","air-combat path keyword"
"air-combat-script","localizations\ch\interface\text\mission\multi\dcg_kirkenes_airfield.po","811","air-combat path keyword"
"air-combat-script","localizations\ch\interface\text\mission\multi\dcg_kylmapuro.po","779","air-combat path keyword"
"air-combat-script","localizations\ch\interface\text\mission\multi\dcg_kylmapuro_winter.po","807","air-combat path keyword"
"air-combat-script","localizations\ch\interface\text\mission\multi\dcg_kymhi_airfield.po","799","air-combat path keyword"
"air-combat-script","localizations\ch\interface\text\mission\multi\dcg_kymhi_airfield_winter.po","827","air-combat path keyword"
"air-combat-script","localizations\ch\interface\text\mission\multi\dcg_laisniemi.po","779","air-combat path keyword"
"air-combat-script","localizations\ch\interface\text\mission\multi\dcg_laisniemi_winter.po","807","air-combat path keyword"
"air-combat-script","localizations\ch\interface\text\mission\multi\dcg_lakhta.po","767","air-combat path keyword"
"air-combat-script","localizations\ch\interface\text\mission\multi\dcg_lakhta_winter.po","795","air-combat path keyword"
"air-combat-script","localizations\ch\interface\text\mission\multi\dcg_lysovo.po","767","air-combat path keyword"
"air-combat-script","localizations\ch\interface\text\mission\multi\dcg_mikli.po","763","air-combat path keyword"
"air-combat-script","localizations\ch\interface\text\mission\multi\dcg_mikli_winter.po","791","air-combat path keyword"
"air-combat-script","localizations\ch\interface\text\mission\multi\dcg_natramala.po","779","air-combat path keyword"
"air-combat-script","localizations\ch\interface\text\mission\multi\dcg_natramala_winter.po","807","air-combat path keyword"
"air-combat-script","localizations\ch\interface\text\mission\multi\dcg_puhoksen.po","775","air-combat path keyword"
"air-combat-script","localizations\ch\interface\text\mission\multi\dcg_puhoksen_winter.po","803","air-combat path keyword"
"air-combat-script","localizations\ch\interface\text\mission\multi\dcg_vainikalan.po","783","air-combat path keyword"
"air-combat-script","localizations\ch\interface\text\mission\multi\dcg_vainikalan_winter.po","811","air-combat path keyword"
"air-combat-script","localizations\ch\interface\text\mission\single\041-usa_airborne\1944_06_01_pathfinders.po","21010","air-combat path keyword"
"air-combat-script","localizations\ch\interface\text\mission\single\041-usa_airborne\1944_06_02_sainte_mere_eglise.po","16375","air-combat path keyword"
"air-combat-script","localizations\ch\interface\text\mission\single\041-usa_airborne\1944_06_03_brecourt_manor.po","13088","air-combat path keyword"
"air-combat-script","localizations\ch\interface\text\mission\single\041-usa_airborne\1944_06_04_la-fiere_bridge.po","12544","air-combat path keyword"
"air-combat-script","localizations\ch\interface\text\mission\single\041-usa_airborne\1944_06_05_carentan.po","11564","air-combat path keyword"
"air-combat-script","localizations\ch\interface\text\mission\single\041-usa_airborne\1944_06_06_bloody_gulch.po","11510","air-combat path keyword"
"air-combat-script","localizations\ch\interface\text\mission\single\041-usa_airborne\1944_09_01_nijmegen.po","9381","air-combat path keyword"
"air-combat-script","localizations\ch\interface\text\mission\single\041-usa_airborne\1944_09_02_veghel.po","8394","air-combat path keyword"
"air-combat-script","localizations\ch\interface\text\mission\single\041-usa_airborne\1944_12_01_noville.po","10953","air-combat path keyword"
"air-combat-script","localizations\ch\interface\text\mission\single\041-usa_airborne\1944_12_02_elsenborn.po","14234","air-combat path keyword"
"air-combat-script","localizations\ch\interface\text\mission\single\041-usa_airborne\1944_12_03_bastogne.po","17202","air-combat path keyword"
"air-combat-script","localizations\ch\interface\text\mission\single\041-usa_airborne\1945_04_30_elbe.po","9468","air-combat path keyword"
"air-combat-script","localizations\ch\interface\text\mission\single\041-usa_airborne\campaign.po","551","air-combat path keyword"
"air-combat-script","localizations\ch\interface\text\mission\single\041-usa_airborne\common.po","1529","air-combat path keyword"
"air-combat-script","localizations\default\interface\text\desc\desc_breed_airborne_ger.pot","7564","air-combat path keyword"
"air-combat-script","localizations\default\interface\text\desc\desc_breed_special_airborne.pot","1820","air-combat path keyword"
"air-combat-script","localizations\default\interface\text\desc\desc_squad_fin_dcg_late.pot","2655","air-combat path keyword"
"air-combat-script","localizations\default\interface\text\desc\desc_squad_ger_dcg_late.pot","3489","air-combat path keyword"
"air-combat-script","localizations\default\interface\text\desc\desc_squad_rus_dcg_late.pot","4429","air-combat path keyword"
"air-combat-script","localizations\default\interface\text\desc\desc_squad_usa_dcg_late.pot","3117","air-combat path keyword"
"air-combat-script","localizations\default\interface\text\mission\single\041-usa_airborne\1944_06_01_pathfinders.pot","13699","air-combat path keyword"
"air-combat-script","localizations\default\interface\text\mission\single\041-usa_airborne\1944_06_02_sainte_mere_eglise.pot","10891","air-combat path keyword"
"air-combat-script","localizations\default\interface\text\mission\single\041-usa_airborne\1944_06_03_brecourt_manor.pot","7998","air-combat path keyword"
"air-combat-script","localizations\default\interface\text\mission\single\041-usa_airborne\1944_06_04_la-fiere_bridge.pot","7500","air-combat path keyword"
"air-combat-script","localizations\default\interface\text\mission\single\041-usa_airborne\1944_06_05_carentan.pot","7552","air-combat path keyword"
"air-combat-script","localizations\default\interface\text\mission\single\041-usa_airborne\1944_06_06_bloody_gulch.pot","7191","air-combat path keyword"
"air-combat-script","localizations\default\interface\text\mission\single\041-usa_airborne\1944_09_01_nijmegen.pot","5767","air-combat path keyword"
"air-combat-script","localizations\default\interface\text\mission\single\041-usa_airborne\1944_09_02_veghel.pot","5096","air-combat path keyword"
"air-combat-script","localizations\default\interface\text\mission\single\041-usa_airborne\1944_12_01_noville.pot","6358","air-combat path keyword"
"air-combat-script","localizations\default\interface\text\mission\single\041-usa_airborne\1944_12_02_elsenborn.pot","8384","air-combat path keyword"
"air-combat-script","localizations\default\interface\text\mission\single\041-usa_airborne\1944_12_03_bastogne.pot","9954","air-combat path keyword"
"air-combat-script","localizations\default\interface\text\mission\single\041-usa_airborne\1945_04_30_elbe.pot","5547","air-combat path keyword"
"air-combat-script","localizations\default\interface\text\mission\single\041-usa_airborne\campaign.pot","516","air-combat path keyword"
"air-combat-script","localizations\default\interface\text\mission\single\041-usa_airborne\common.pot","1301","air-combat path keyword"
"air-combat-script","localizations\default\interface\text\mission\single\041-usa_airborne\reinf_usa.pot","7714","air-combat path keyword"
"air-combat-script","resource\entity\-vehicle\eng\airborne\blenheim_mk1_eng\blend.mtl","192","air-combat path keyword"
"air-combat-script","resource\entity\-vehicle\eng\airborne\blenheim_mk1_eng\blenheimmk1.mdl","18212","air-combat path keyword"
"air-combat-script","resource\entity\-vehicle\eng\airborne\blenheim_mk1_eng\blenheim_mk1_eng.def","2370","air-combat path keyword"
"air-combat-script","resource\entity\-vehicle\eng\airborne\blenheim_mk1_eng\blenheim_mk1_eng_ai.def","2379","air-combat path keyword"
"air-combat-script","resource\entity\-vehicle\eng\airborne\blenheim_mk1_eng\blenheim_mk1_eng_user.def","3004","air-combat path keyword"
"air-combat-script","resource\entity\-vehicle\eng\airborne\blenheim_mk1_eng\fire.anm","407","air-combat path keyword"
"air-combat-script","resource\entity\-vehicle\eng\airborne\blenheim_mk1_eng\glass_prop.mtl","170","air-combat path keyword"
"air-combat-script","resource\entity\-vehicle\eng\airborne\blenheim_mk1_eng\propeller1_work.ply","2922","air-combat path keyword"
"air-combat-script","resource\entity\-vehicle\eng\airborne\blenheim_mk1_eng\propeller2_work.ply","2922","air-combat path keyword"
"air-combat-script","resource\entity\-vehicle\eng\airborne\blenheim_mk1_eng\prop_work.mtl","204","air-combat path keyword"
"air-combat-script","resource\entity\-vehicle\eng\airborne\hurribomber_mk2c\fire.anm","407","air-combat path keyword"
"air-combat-script","resource\entity\-vehicle\eng\airborne\hurribomber_mk2c\fuchong0to-4.anm","5473","air-combat path keyword"
"air-combat-script","resource\entity\-vehicle\eng\airborne\hurribomber_mk2c\glass.mtl","172","air-combat path keyword"
"air-combat-script","resource\entity\-vehicle\eng\airborne\hurribomber_mk2c\hurribombermk2c.mdl","20712","air-combat path keyword"
"air-combat-script","resource\entity\-vehicle\eng\airborne\hurribomber_mk2c\hurribomber_mk2c_air_combat.def","2209","air-combat path keyword"
"air-combat-script","resource\entity\-vehicle\eng\airborne\hurribomber_mk2c\hurribomber_mk2c_air_combat_ai.def","2157","air-combat path keyword"
"air-combat-script","resource\entity\-vehicle\eng\airborne\hurribomber_mk2c\hurribomber_mk2c_cas.def","2368","air-combat path keyword"
"air-combat-script","resource\entity\-vehicle\eng\airborne\hurribomber_mk2c\hurribomber_mk2c_cas_ai.def","2365","air-combat path keyword"
"air-combat-script","resource\entity\-vehicle\eng\airborne\hurribomber_mk2c\hurribomber_mk2c_user.def","2505","air-combat path keyword"
"air-combat-script","resource\entity\-vehicle\eng\airborne\hurribomber_mk2c\lasheng-1to0.anm","2787","air-combat path keyword"
"air-combat-script","resource\entity\-vehicle\eng\airborne\hurribomber_mk2c\lasheng-2to0.anm","2521","air-combat path keyword"
"air-combat-script","resource\entity\-vehicle\eng\airborne\hurribomber_mk2c\light.anm","518","air-combat path keyword"
"air-combat-script","resource\entity\-vehicle\eng\airborne\hurricane_mk1a\aileron1.ply","5369","air-combat path keyword"
"air-combat-script","resource\entity\-vehicle\eng\airborne\hurricane_mk1a\aileron2.ply","5369","air-combat path keyword"
"air-combat-script","resource\entity\-vehicle\eng\airborne\hurricane_mk1a\armhingel.ply","4193","air-combat path keyword"
"air-combat-script","resource\entity\-vehicle\eng\airborne\hurricane_mk1a\armhinger.ply","4193","air-combat path keyword"
"air-combat-script","resource\entity\-vehicle\eng\airborne\hurricane_mk1a\body.ply","195166","air-combat path keyword"
"air-combat-script","resource\entity\-vehicle\eng\airborne\hurricane_mk1a\body1.vol","1196","air-combat path keyword"
"air-combat-script","resource\entity\-vehicle\eng\airborne\hurricane_mk1a\body2.vol","338","air-combat path keyword"
"air-combat-script","resource\entity\-vehicle\eng\airborne\hurricane_mk1a\cabin.ply","578194","air-combat path keyword"
"air-combat-script","resource\entity\-vehicle\eng\airborne\hurricane_mk1a\canopy.ply","72790","air-combat path keyword"
"air-combat-script","resource\entity\-vehicle\eng\airborne\hurricane_mk1a\coolantflap.ply","11662","air-combat path keyword"
"air-combat-script","resource\entity\-vehicle\eng\airborne\hurricane_mk1a\elevator1.ply","21881","air-combat path keyword"
"air-combat-script","resource\entity\-vehicle\eng\airborne\hurricane_mk1a\elevator1.vol","208","air-combat path keyword"
"air-combat-script","resource\entity\-vehicle\eng\airborne\hurricane_mk1a\elevator2.ply","21881","air-combat path keyword"
"air-combat-script","resource\entity\-vehicle\eng\airborne\hurricane_mk1a\elevator2.vol","208","air-combat path keyword"
"air-combat-script","resource\entity\-vehicle\eng\airborne\hurricane_mk1a\engine1.ply","147574","air-combat path keyword"
"air-combat-script","resource\entity\-vehicle\eng\airborne\hurricane_mk1a\engine1.vol","702","air-combat path keyword"
"air-combat-script","resource\entity\-vehicle\eng\airborne\hurricane_mk1a\engine_start.anm","294111","air-combat path keyword"
"air-combat-script","resource\entity\-vehicle\eng\airborne\hurricane_mk1a\engine_stop.anm","171801","air-combat path keyword"
"air-combat-script","resource\entity\-vehicle\eng\airborne\hurricane_mk1a\engine_work.anm","174204","air-combat path keyword"
"air-combat-script","resource\entity\-vehicle\eng\airborne\hurricane_mk1a\fire.anm","407","air-combat path keyword"
"air-combat-script","resource\entity\-vehicle\eng\airborne\hurricane_mk1a\flapl1.ply","24089","air-combat path keyword"
"air-combat-script","resource\entity\-vehicle\eng\airborne\hurricane_mk1a\flapl2.ply","17777","air-combat path keyword"
"air-combat-script","resource\entity\-vehicle\eng\airborne\hurricane_mk1a\flapr1.ply","24089","air-combat path keyword"
"air-combat-script","resource\entity\-vehicle\eng\airborne\hurricane_mk1a\flapr2.ply","17777","air-combat path keyword"
"air-combat-script","resource\entity\-vehicle\eng\airborne\hurricane_mk1a\gear2_l.ply","20057","air-combat path keyword"
"air-combat-script","resource\entity\-vehicle\eng\airborne\hurricane_mk1a\gear2_r.ply","20153","air-combat path keyword"
"air-combat-script","resource\entity\-vehicle\eng\airborne\hurricane_mk1a\geararml1.ply","25313","air-combat path keyword"
"air-combat-script","resource\entity\-vehicle\eng\airborne\hurricane_mk1a\geararml2.ply","24857","air-combat path keyword"
"air-combat-script","resource\entity\-vehicle\eng\airborne\hurricane_mk1a\geararmr1.ply","25217","air-combat path keyword"
"air-combat-script","resource\entity\-vehicle\eng\airborne\hurricane_mk1a\geararmr2.ply","24617","air-combat path keyword"
"air-combat-script","resource\entity\-vehicle\eng\airborne\hurricane_mk1a\gearbay.ply","189857","air-combat path keyword"
"air-combat-script","resource\entity\-vehicle\eng\airborne\hurricane_mk1a\geardoorl3.ply","1961","air-combat path keyword"
"air-combat-script","resource\entity\-vehicle\eng\airborne\hurricane_mk1a\geardoorr3.ply","1961","air-combat path keyword"
"air-combat-script","resource\entity\-vehicle\eng\airborne\hurricane_mk1a\gearjackl.ply","20225","air-combat path keyword"
"air-combat-script","resource\entity\-vehicle\eng\airborne\hurricane_mk1a\gearjackr.ply","22433","air-combat path keyword"
"air-combat-script","resource\entity\-vehicle\eng\airborne\hurricane_mk1a\gearjackrodl.ply","4313","air-combat path keyword"
"air-combat-script","resource\entity\-vehicle\eng\airborne\hurricane_mk1a\gearjackrodr.ply","4313","air-combat path keyword"
"air-combat-script","resource\entity\-vehicle\eng\airborne\hurricane_mk1a\gear_l.ply","142367","air-combat path keyword"
"air-combat-script","resource\entity\-vehicle\eng\airborne\hurricane_mk1a\gear_r.ply","143087","air-combat path keyword"
"air-combat-script","resource\entity\-vehicle\eng\airborne\hurricane_mk1a\glass.mtl","172","air-combat path keyword"
"air-combat-script","resource\entity\-vehicle\eng\airborne\hurricane_mk1a\glass1.ply","2562","air-combat path keyword"
"air-combat-script","resource\entity\-vehicle\eng\airborne\hurricane_mk1a\glass2.ply","3778","air-combat path keyword"
"air-combat-script","resource\entity\-vehicle\eng\airborne\hurricane_mk1a\hurricane_mk1a.def","2107","air-combat path keyword"
"air-combat-script","resource\entity\-vehicle\eng\airborne\hurricane_mk1a\hurricane_mk1a.mdl","18971","air-combat path keyword"
"air-combat-script","resource\entity\-vehicle\eng\airborne\hurricane_mk1a\jackactuatorl.ply","23477","air-combat path keyword"
"air-combat-script","resource\entity\-vehicle\eng\airborne\hurricane_mk1a\jackactuatorr.ply","23573","air-combat path keyword"
"air-combat-script","resource\entity\-vehicle\eng\airborne\hurricane_mk1a\legsleevel.ply","22577","air-combat path keyword"
"air-combat-script","resource\entity\-vehicle\eng\airborne\hurricane_mk1a\legsleever.ply","22961","air-combat path keyword"
"air-combat-script","resource\entity\-vehicle\eng\airborne\hurricane_mk1a\mat_hurricane.mtl","194","air-combat path keyword"
"air-combat-script","resource\entity\-vehicle\eng\airborne\hurricane_mk1a\mat_wing.mtl","185","air-combat path keyword"
"air-combat-script","resource\entity\-vehicle\eng\airborne\hurricane_mk1a\open.anm","867","air-combat path keyword"
"air-combat-script","resource\entity\-vehicle\eng\airborne\hurricane_mk1a\propeller1.ply","196354","air-combat path keyword"
"air-combat-script","resource\entity\-vehicle\eng\airborne\hurricane_mk1a\propeller1_work.ply","2922","air-combat path keyword"
"air-combat-script","resource\entity\-vehicle\eng\airborne\hurricane_mk1a\prop_cone.ply","67618","air-combat path keyword"
"air-combat-script","resource\entity\-vehicle\eng\airborne\hurricane_mk1a\prop_work.mtl","204","air-combat path keyword"
"air-combat-script","resource\entity\-vehicle\eng\airborne\hurricane_mk1a\rod1.ply","18310","air-combat path keyword"
"air-combat-script","resource\entity\-vehicle\eng\airborne\hurricane_mk1a\rudder.ply","44278","air-combat path keyword"
"air-combat-script","resource\entity\-vehicle\eng\airborne\hurricane_mk1a\rudder.vol","312","air-combat path keyword"
"air-combat-script","resource\entity\-vehicle\eng\airborne\hurricane_mk1a\sightglass.ply","1786","air-combat path keyword"
"air-combat-script","resource\entity\-vehicle\eng\airborne\hurricane_mk1a\stabilizer1.ply","10145","air-combat path keyword"
"air-combat-script","resource\entity\-vehicle\eng\airborne\hurricane_mk1a\stabilizer1.vol","312","air-combat path keyword"
"air-combat-script","resource\entity\-vehicle\eng\airborne\hurricane_mk1a\stabilizer2.ply","10145","air-combat path keyword"
"air-combat-script","resource\entity\-vehicle\eng\airborne\hurricane_mk1a\stabilizer2.vol","208","air-combat path keyword"
"air-combat-script","resource\entity\-vehicle\eng\airborne\hurricane_mk1a\steer_back.ply","52714","air-combat path keyword"
"air-combat-script","resource\entity\-vehicle\eng\airborne\hurricane_mk1a\step.ply","14062","air-combat path keyword"
"air-combat-script","resource\entity\-vehicle\eng\airborne\hurricane_mk1a\wheelback.ply","24670","air-combat path keyword"
"air-combat-script","resource\entity\-vehicle\eng\airborne\hurricane_mk1a\wheels.anm","14761","air-combat path keyword"
"air-combat-script","resource\entity\-vehicle\eng\airborne\hurricane_mk1a\wheel_l.ply","79289","air-combat path keyword"
"air-combat-script","resource\entity\-vehicle\eng\airborne\hurricane_mk1a\wheel_r.ply","80105","air-combat path keyword"
"air-combat-script","resource\entity\-vehicle\eng\airborne\hurricane_mk1a\wingglassl.ply","1498","air-combat path keyword"
"air-combat-script","resource\entity\-vehicle\eng\airborne\hurricane_mk1a\wingglassr.ply","1498","air-combat path keyword"
"air-combat-script","resource\entity\-vehicle\eng\airborne\hurricane_mk1a\wingl1.ply","43469","air-combat path keyword"
"air-combat-script","resource\entity\-vehicle\eng\airborne\hurricane_mk1a\wingl1.vol","208","air-combat path keyword"
"air-combat-script","resource\entity\-vehicle\eng\airborne\hurricane_mk1a\wingl2.ply","76865","air-combat path keyword"
"air-combat-script","resource\entity\-vehicle\eng\airborne\hurricane_mk1a\wingl2.vol","312","air-combat path keyword"
"air-combat-script","resource\entity\-vehicle\eng\airborne\hurricane_mk1a\wingr1.ply","43889","air-combat path keyword"
"air-combat-script","resource\entity\-vehicle\eng\airborne\hurricane_mk1a\wingr1.vol","208","air-combat path keyword"
"air-combat-script","resource\entity\-vehicle\eng\airborne\hurricane_mk1a\wingr2.ply","72089","air-combat path keyword"
"air-combat-script","resource\entity\-vehicle\eng\airborne\hurricane_mk1a\wingr2.vol","312","air-combat path keyword"
"air-combat-script","resource\entity\-vehicle\eng\airborne\typhoon_mk1b\1blade1.vol","208","air-combat path keyword"
"air-combat-script","resource\entity\-vehicle\eng\airborne\typhoon_mk1b\1blade2.vol","208","air-combat path keyword"
"air-combat-script","resource\entity\-vehicle\eng\airborne\typhoon_mk1b\1blade3.vol","208","air-combat path keyword"
"air-combat-script","resource\entity\-vehicle\eng\airborne\typhoon_mk1b\1blade4.vol","208","air-combat path keyword"
"air-combat-script","resource\entity\-vehicle\eng\airborne\typhoon_mk1b\aileron1.ply","11397","air-combat path keyword"
"air-combat-script","resource\entity\-vehicle\eng\airborne\typhoon_mk1b\aileron1.vol","208","air-combat path keyword"
"air-combat-script","resource\entity\-vehicle\eng\airborne\typhoon_mk1b\aileron2.ply","11013","air-combat path keyword"
"air-combat-script","resource\entity\-vehicle\eng\airborne\typhoon_mk1b\aileron2.vol","208","air-combat path keyword"
"air-combat-script","resource\entity\-vehicle\eng\airborne\typhoon_mk1b\base.mtl","173","air-combat path keyword"
"air-combat-script","resource\entity\-vehicle\eng\airborne\typhoon_mk1b\body.ply","341427","air-combat path keyword"
"air-combat-script","resource\entity\-vehicle\eng\airborne\typhoon_mk1b\body1.vol","1196","air-combat path keyword"
"air-combat-script","resource\entity\-vehicle\eng\airborne\typhoon_mk1b\bomb_00.ply","60217","air-combat path keyword"
"air-combat-script","resource\entity\-vehicle\eng\airborne\typhoon_mk1b\bomb_00_lod1.ply","42517","air-combat path keyword"
"air-combat-script","resource\entity\-vehicle\eng\airborne\typhoon_mk1b\bomb_01.ply","60217","air-combat path keyword"
"air-combat-script","resource\entity\-vehicle\eng\airborne\typhoon_mk1b\bomb_01_lod1.ply","42517","air-combat path keyword"
"air-combat-script","resource\entity\-vehicle\eng\airborne\typhoon_mk1b\canopy.ply","60225","air-combat path keyword"
"air-combat-script","resource\entity\-vehicle\eng\airborne\typhoon_mk1b\canopy1.vol","208","air-combat path keyword"
"air-combat-script","resource\entity\-vehicle\eng\airborne\typhoon_mk1b\canopy2.vol","468","air-combat path keyword"
"air-combat-script","resource\entity\-vehicle\eng\airborne\typhoon_mk1b\elevator1.ply","14397","air-combat path keyword"
"air-combat-script","resource\entity\-vehicle\eng\airborne\typhoon_mk1b\elevator1.vol","208","air-combat path keyword"
"air-combat-script","resource\entity\-vehicle\eng\airborne\typhoon_mk1b\elevator2.ply","14493","air-combat path keyword"
"air-combat-script","resource\entity\-vehicle\eng\airborne\typhoon_mk1b\elevator2.vol","208","air-combat path keyword"
"air-combat-script","resource\entity\-vehicle\eng\airborne\typhoon_mk1b\engine1.ply","189417","air-combat path keyword"
"air-combat-script","resource\entity\-vehicle\eng\airborne\typhoon_mk1b\engine1.vol","832","air-combat path keyword"
"air-combat-script","resource\entity\-vehicle\eng\airborne\typhoon_mk1b\engine_start.anm","149383","air-combat path keyword"
"air-combat-script","resource\entity\-vehicle\eng\airborne\typhoon_mk1b\engine_stop.anm","122488","air-combat path keyword"
"air-combat-script","resource\entity\-vehicle\eng\airborne\typhoon_mk1b\engine_work.anm","173626","air-combat path keyword"
"air-combat-script","resource\entity\-vehicle\eng\airborne\typhoon_mk1b\fire.anm","407","air-combat path keyword"
"air-combat-script","resource\entity\-vehicle\eng\airborne\typhoon_mk1b\flap1.ply","13225","air-combat path keyword"
"air-combat-script","resource\entity\-vehicle\eng\airborne\typhoon_mk1b\flap2.ply","15535","air-combat path keyword"
"air-combat-script","resource\entity\-vehicle\eng\airborne\typhoon_mk1b\flap3.ply","15579","air-combat path keyword"
"air-combat-script","resource\entity\-vehicle\eng\airborne\typhoon_mk1b\flap4.ply","13221","air-combat path keyword"
"air-combat-script","resource\entity\-vehicle\eng\airborne\typhoon_mk1b\geardoor_l.ply","12649","air-combat path keyword"
"air-combat-script","resource\entity\-vehicle\eng\airborne\typhoon_mk1b\geardoor_main_l.ply","11941","air-combat path keyword"
"air-combat-script","resource\entity\-vehicle\eng\airborne\typhoon_mk1b\geardoor_main_r.ply","11937","air-combat path keyword"
"air-combat-script","resource\entity\-vehicle\eng\airborne\typhoon_mk1b\geardoor_r.ply","12645","air-combat path keyword"
"air-combat-script","resource\entity\-vehicle\eng\airborne\typhoon_mk1b\gearleg2_l.ply","7129","air-combat path keyword"
"air-combat-script","resource\entity\-vehicle\eng\airborne\typhoon_mk1b\gearleg2_r.ply","7125","air-combat path keyword"
"air-combat-script","resource\entity\-vehicle\eng\airborne\typhoon_mk1b\gear_l.ply","21577","air-combat path keyword"
"air-combat-script","resource\entity\-vehicle\eng\airborne\typhoon_mk1b\gear_r.ply","21573","air-combat path keyword"
"air-combat-script","resource\entity\-vehicle\eng\airborne\typhoon_mk1b\gear_strut1_r.ply","3445","air-combat path keyword"
"air-combat-script","resource\entity\-vehicle\eng\airborne\typhoon_mk1b\gear_strut2_l.ply","1213","air-combat path keyword"
"air-combat-script","resource\entity\-vehicle\eng\airborne\typhoon_mk1b\gear_strut2_r.ply","1209","air-combat path keyword"
"air-combat-script","resource\entity\-vehicle\eng\airborne\typhoon_mk1b\gear_strut3_l.ply","1717","air-combat path keyword"
"air-combat-script","resource\entity\-vehicle\eng\airborne\typhoon_mk1b\gear_strut3_r.ply","1713","air-combat path keyword"
"air-combat-script","resource\entity\-vehicle\eng\airborne\typhoon_mk1b\gear_strut4_l.ply","3909","air-combat path keyword"
"air-combat-script","resource\entity\-vehicle\eng\airborne\typhoon_mk1b\gear_strut4_r.ply","4441","air-combat path keyword"
"air-combat-script","resource\entity\-vehicle\eng\airborne\typhoon_mk1b\gear_strut5_l.ply","4929","air-combat path keyword"
"air-combat-script","resource\entity\-vehicle\eng\airborne\typhoon_mk1b\gear_strut5_r.ply","5125","air-combat path keyword"
"air-combat-script","resource\entity\-vehicle\eng\airborne\typhoon_mk1b\gear_strut_tr_l.ply","9021","air-combat path keyword"
"air-combat-script","resource\entity\-vehicle\eng\airborne\typhoon_mk1b\gear_strut_tr_r.ply","9025","air-combat path keyword"
"air-combat-script","resource\entity\-vehicle\eng\airborne\typhoon_mk1b\glass1.ply","1738","air-combat path keyword"
"air-combat-script","resource\entity\-vehicle\eng\airborne\typhoon_mk1b\glass2.ply","5290","air-combat path keyword"
"air-combat-script","resource\entity\-vehicle\eng\airborne\typhoon_mk1b\glass_fus.ply","3370","air-combat path keyword"
"air-combat-script","resource\entity\-vehicle\eng\airborne\typhoon_mk1b\glass_lightrear.ply","1286","air-combat path keyword"
"air-combat-script","resource\entity\-vehicle\eng\airborne\typhoon_mk1b\glass_wingl.ply","1846","air-combat path keyword"
"air-combat-script","resource\entity\-vehicle\eng\airborne\typhoon_mk1b\glass_wingr.ply","1846","air-combat path keyword"
"air-combat-script","resource\entity\-vehicle\eng\airborne\typhoon_mk1b\hub.ply","111417","air-combat path keyword"
"air-combat-script","resource\entity\-vehicle\eng\airborne\typhoon_mk1b\hydraulic_jack_l.ply","8137","air-combat path keyword"
"air-combat-script","resource\entity\-vehicle\eng\airborne\typhoon_mk1b\hydraulic_jack_r.ply","8137","air-combat path keyword"
"air-combat-script","resource\entity\-vehicle\eng\airborne\typhoon_mk1b\joint1_l.ply","5037","air-combat path keyword"
"air-combat-script","resource\entity\-vehicle\eng\airborne\typhoon_mk1b\joint1_r.ply","5041","air-combat path keyword"
"air-combat-script","resource\entity\-vehicle\eng\airborne\typhoon_mk1b\joint2_l.ply","4221","air-combat path keyword"
"air-combat-script","resource\entity\-vehicle\eng\airborne\typhoon_mk1b\joint2_r.ply","4225","air-combat path keyword"
"air-combat-script","resource\entity\-vehicle\eng\airborne\typhoon_mk1b\joint3_l.ply","2421","air-combat path keyword"
"air-combat-script","resource\entity\-vehicle\eng\airborne\typhoon_mk1b\joint3_r.ply","2617","air-combat path keyword"
"air-combat-script","resource\entity\-vehicle\eng\airborne\typhoon_mk1b\open1.anm","2140","air-combat path keyword"
"air-combat-script","resource\entity\-vehicle\eng\airborne\typhoon_mk1b\propeller1.ply","171081","air-combat path keyword"
"air-combat-script","resource\entity\-vehicle\eng\airborne\typhoon_mk1b\propeller1_work.ply","2922","air-combat path keyword"
"air-combat-script","resource\entity\-vehicle\eng\airborne\typhoon_mk1b\prop_work.mtl","111","air-combat path keyword"
"air-combat-script","resource\entity\-vehicle\eng\airborne\typhoon_mk1b\retract_step.ply","6957","air-combat path keyword"
"air-combat-script","resource\entity\-vehicle\eng\airborne\typhoon_mk1b\rudder.ply","39855","air-combat path keyword"
"air-combat-script","resource\entity\-vehicle\eng\airborne\typhoon_mk1b\rudder.vol","312","air-combat path keyword"
"air-combat-script","resource\entity\-vehicle\eng\airborne\typhoon_mk1b\stabilizer1.vol","312","air-combat path keyword"
"air-combat-script","resource\entity\-vehicle\eng\airborne\typhoon_mk1b\stabilizer2.vol","208","air-combat path keyword"
"air-combat-script","resource\entity\-vehicle\eng\airborne\typhoon_mk1b\tailgear_main.ply","30069","air-combat path keyword"
"air-combat-script","resource\entity\-vehicle\eng\airborne\typhoon_mk1b\tailwheel.ply","9117","air-combat path keyword"
"air-combat-script","resource\entity\-vehicle\eng\airborne\typhoon_mk1b\typhoon_base.mtl","176","air-combat path keyword"
"air-combat-script","resource\entity\-vehicle\eng\airborne\typhoon_mk1b\typhoon_glass.mtl","160","air-combat path keyword"
"air-combat-script","resource\entity\-vehicle\eng\airborne\typhoon_mk1b\typhoon_mk1b.def","2082","air-combat path keyword"
"air-combat-script","resource\entity\-vehicle\eng\airborne\typhoon_mk1b\typhoon_mk1b.mdl","23981","air-combat path keyword"
"air-combat-script","resource\entity\-vehicle\eng\airborne\typhoon_mk1b\typhoon_mk1b_recon.mdl","22772","air-combat path keyword"
"air-combat-script","resource\entity\-vehicle\eng\airborne\typhoon_mk1b\wheels.anm","55336","air-combat path keyword"
"air-combat-script","resource\entity\-vehicle\eng\airborne\typhoon_mk1b\wheel_l.ply","40609","air-combat path keyword"
"air-combat-script","resource\entity\-vehicle\eng\airborne\typhoon_mk1b\wheel_r.ply","43489","air-combat path keyword"
"air-combat-script","resource\entity\-vehicle\eng\airborne\typhoon_mk1b\wingl1.ply","255105","air-combat path keyword"
"air-combat-script","resource\entity\-vehicle\eng\airborne\typhoon_mk1b\wingl1.vol","208","air-combat path keyword"
"air-combat-script","resource\entity\-vehicle\eng\airborne\typhoon_mk1b\wingl2.ply","117411","air-combat path keyword"
"air-combat-script","resource\entity\-vehicle\eng\airborne\typhoon_mk1b\wingl2.vol","312","air-combat path keyword"
"air-combat-script","resource\entity\-vehicle\eng\airborne\typhoon_mk1b\wingr1.ply","240561","air-combat path keyword"
"air-combat-script","resource\entity\-vehicle\eng\airborne\typhoon_mk1b\wingr1.vol","208","air-combat path keyword"
"air-combat-script","resource\entity\-vehicle\eng\airborne\typhoon_mk1b\wingr2.ply","103323","air-combat path keyword"
"air-combat-script","resource\entity\-vehicle\eng\airborne\typhoon_mk1b\wingr2.vol","312","air-combat path keyword"
"air-combat-script","resource\entity\-vehicle\germany\airborne\bf109_f4old\aileron1.ply","13262","air-combat path keyword"
"air-combat-script","resource\entity\-vehicle\germany\airborne\bf109_f4old\aileron1.vol","312","air-combat path keyword"
"air-combat-script","resource\entity\-vehicle\germany\airborne\bf109_f4old\aileron2.ply","13262","air-combat path keyword"
"air-combat-script","resource\entity\-vehicle\germany\airborne\bf109_f4old\aileron2.vol","312","air-combat path keyword"
"air-combat-script","resource\entity\-vehicle\germany\airborne\bf109_f4old\antenna.ply","4405","air-combat path keyword"
"air-combat-script","resource\entity\-vehicle\germany\airborne\bf109_f4old\bf109f4.mdl","20024","air-combat path keyword"
"air-combat-script","resource\entity\-vehicle\germany\airborne\bf109_f4old\bf109f42.mdl","15128","air-combat path keyword"
"air-combat-script","resource\entity\-vehicle\germany\airborne\bf109_f4old\bf109_f4_air_combat.def","2302","air-combat path keyword"
"air-combat-script","resource\entity\-vehicle\germany\airborne\bf109_f4old\bf109_f4_air_combat_ai.def","2300","air-combat path keyword"
"air-combat-script","resource\entity\-vehicle\germany\airborne\bf109_f4old\bf109_f4_cas.def","2490","air-combat path keyword"
"air-combat-script","resource\entity\-vehicle\germany\airborne\bf109_f4old\bf109_f4_cas_ai.def","2489","air-combat path keyword"
"air-combat-script","resource\entity\-vehicle\germany\airborne\bf109_f4old\bf109_f4_user.def","2707","air-combat path keyword"
"air-combat-script","resource\entity\-vehicle\germany\airborne\bf109_f4old\body.mtl","206","air-combat path keyword"
"air-combat-script","resource\entity\-vehicle\germany\airborne\bf109_f4old\body.ply","221137","air-combat path keyword"
"air-combat-script","resource\entity\-vehicle\germany\airborne\bf109_f4old\body1.vol","416","air-combat path keyword"
"air-combat-script","resource\entity\-vehicle\germany\airborne\bf109_f4old\body2.vol","494","air-combat path keyword"
"air-combat-script","resource\entity\-vehicle\germany\airborne\bf109_f4old\body3.vol","832","air-combat path keyword"
"air-combat-script","resource\entity\-vehicle\germany\airborne\bf109_f4old\body4.vol","260","air-combat path keyword"
"air-combat-script","resource\entity\-vehicle\germany\airborne\bf109_f4old\body5.vol","260","air-combat path keyword"
"air-combat-script","resource\entity\-vehicle\germany\airborne\bf109_f4old\body_mesh1.ply","5888","air-combat path keyword"
"air-combat-script","resource\entity\-vehicle\germany\airborne\bf109_f4old\body_mesh2.ply","5726","air-combat path keyword"
"air-combat-script","resource\entity\-vehicle\germany\airborne\bf109_f4old\bomb250.mtl","147","air-combat path keyword"
"air-combat-script","resource\entity\-vehicle\germany\airborne\bf109_f4old\bomb_00.ply","10432","air-combat path keyword"
"air-combat-script","resource\entity\-vehicle\germany\airborne\bf109_f4old\bomb_00_lod1.ply","3880","air-combat path keyword"
"air-combat-script","resource\entity\-vehicle\germany\airborne\bf109_f4old\canopy.ply","26689","air-combat path keyword"
"air-combat-script","resource\entity\-vehicle\germany\airborne\bf109_f4old\canopy1.vol","416","air-combat path keyword"
"air-combat-script","resource\entity\-vehicle\germany\airborne\bf109_f4old\canopy2.vol","208","air-combat path keyword"
"air-combat-script","resource\entity\-vehicle\germany\airborne\bf109_f4old\elevator1.ply","13574","air-combat path keyword"
"air-combat-script","resource\entity\-vehicle\germany\airborne\bf109_f4old\elevator1.vol","468","air-combat path keyword"
"air-combat-script","resource\entity\-vehicle\germany\airborne\bf109_f4old\elevator2.ply","13190","air-combat path keyword"
"air-combat-script","resource\entity\-vehicle\germany\airborne\bf109_f4old\elevator2.vol","468","air-combat path keyword"
"air-combat-script","resource\entity\-vehicle\germany\airborne\bf109_f4old\engine1.ply","162601","air-combat path keyword"
"air-combat-script","resource\entity\-vehicle\germany\airborne\bf109_f4old\engine1.vol","1664","air-combat path keyword"
"air-combat-script","resource\entity\-vehicle\germany\airborne\bf109_f4old\engine_start.anm","2852","air-combat path keyword"
"air-combat-script","resource\entity\-vehicle\germany\airborne\bf109_f4old\engine_stop.anm","2412","air-combat path keyword"
"air-combat-script","resource\entity\-vehicle\germany\airborne\bf109_f4old\engine_work.anm","1978","air-combat path keyword"
"air-combat-script","resource\entity\-vehicle\germany\airborne\bf109_f4old\fire.anm","407","air-combat path keyword"
"air-combat-script","resource\entity\-vehicle\germany\airborne\bf109_f4old\flap1.ply","7418","air-combat path keyword"
"air-combat-script","resource\entity\-vehicle\germany\airborne\bf109_f4old\flap1.vol","286","air-combat path keyword"
"air-combat-script","resource\entity\-vehicle\germany\airborne\bf109_f4old\flap2.ply","7418","air-combat path keyword"
"air-combat-script","resource\entity\-vehicle\germany\airborne\bf109_f4old\flap2.vol","286","air-combat path keyword"
"air-combat-script","resource\entity\-vehicle\germany\airborne\bf109_f4old\fuchong0to-4.anm","5473","air-combat path keyword"
"air-combat-script","resource\entity\-vehicle\germany\airborne\bf109_f4old\geardoor_l1.ply","4670","air-combat path keyword"
"air-combat-script","resource\entity\-vehicle\germany\airborne\bf109_f4old\geardoor_l2.ply","1958","air-combat path keyword"
"air-combat-script","resource\entity\-vehicle\germany\airborne\bf109_f4old\geardoor_r1.ply","4670","air-combat path keyword"
"air-combat-script","resource\entity\-vehicle\germany\airborne\bf109_f4old\geardoor_r2.ply","1958","air-combat path keyword"
"air-combat-script","resource\entity\-vehicle\germany\airborne\bf109_f4old\gearshock_l.ply","11917","air-combat path keyword"
"air-combat-script","resource\entity\-vehicle\germany\airborne\bf109_f4old\gearshock_r.ply","11917","air-combat path keyword"
"air-combat-script","resource\entity\-vehicle\germany\airborne\bf109_f4old\gear_l.ply","65221","air-combat path keyword"
"air-combat-script","resource\entity\-vehicle\germany\airborne\bf109_f4old\gear_r.ply","62725","air-combat path keyword"
"air-combat-script","resource\entity\-vehicle\germany\airborne\bf109_f4old\glass.mtl","162","air-combat path keyword"
"air-combat-script","resource\entity\-vehicle\germany\airborne\bf109_f4old\glass1.ply","3510","air-combat path keyword"
"air-combat-script","resource\entity\-vehicle\germany\airborne\bf109_f4old\glass2.ply","1830","air-combat path keyword"
"air-combat-script","resource\entity\-vehicle\germany\airborne\bf109_f4old\gunsight_mesh.ply","926","air-combat path keyword"
"air-combat-script","resource\entity\-vehicle\germany\airborne\bf109_f4old\hub.ply","53269","air-combat path keyword"
"air-combat-script","resource\entity\-vehicle\germany\airborne\bf109_f4old\lasheng-1to0.anm","2787","air-combat path keyword"
"air-combat-script","resource\entity\-vehicle\germany\airborne\bf109_f4old\lasheng-2to0.anm","2521","air-combat path keyword"
"air-combat-script","resource\entity\-vehicle\germany\airborne\bf109_f4old\light.anm","518","air-combat path keyword"
"air-combat-script","resource\entity\-vehicle\germany\airborne\bf109_f4old\open1.anm","2500","air-combat path keyword"
"air-combat-script","resource\entity\-vehicle\germany\airborne\bf109_f4old\prop.mtl","156","air-combat path keyword"
"air-combat-script","resource\entity\-vehicle\germany\airborne\bf109_f4old\propeller1.ply","100237","air-combat path keyword"
"air-combat-script","resource\entity\-vehicle\germany\airborne\bf109_f4old\propeller1_work.ply","1861","air-combat path keyword"
"air-combat-script","resource\entity\-vehicle\germany\airborne\bf109_f4old\rudder.ply","18685","air-combat path keyword"
"air-combat-script","resource\entity\-vehicle\germany\airborne\bf109_f4old\rudder1.vol","416","air-combat path keyword"
"air-combat-script","resource\entity\-vehicle\germany\airborne\bf109_f4old\rudder2.vol","156","air-combat path keyword"
"air-combat-script","resource\entity\-vehicle\germany\airborne\bf109_f4old\slatl.ply","3470","air-combat path keyword"
"air-combat-script","resource\entity\-vehicle\germany\airborne\bf109_f4old\slatr.ply","3470","air-combat path keyword"
"air-combat-script","resource\entity\-vehicle\germany\airborne\bf109_f4old\stabilizer1.ply","14582","air-combat path keyword"
"air-combat-script","resource\entity\-vehicle\germany\airborne\bf109_f4old\stabilizer1.vol","260","air-combat path keyword"
"air-combat-script","resource\entity\-vehicle\germany\airborne\bf109_f4old\stabilizer2.vol","260","air-combat path keyword"
"air-combat-script","resource\entity\-vehicle\germany\airborne\bf109_f4old\steer_back.ply","17785","air-combat path keyword"
"air-combat-script","resource\entity\-vehicle\germany\airborne\bf109_f4old\wheelback.ply","30565","air-combat path keyword"
"air-combat-script","resource\entity\-vehicle\germany\airborne\bf109_f4old\wheels.anm","7277","air-combat path keyword"
"air-combat-script","resource\entity\-vehicle\germany\airborne\bf109_f4old\wheel_l.ply","50581","air-combat path keyword"
"air-combat-script","resource\entity\-vehicle\germany\airborne\bf109_f4old\wheel_r.ply","32629","air-combat path keyword"
"air-combat-script","resource\entity\-vehicle\germany\airborne\bf109_f4old\windowknobl.ply","11029","air-combat path keyword"
"air-combat-script","resource\entity\-vehicle\germany\airborne\bf109_f4old\windowknobr.ply","12181","air-combat path keyword"
"air-combat-script","resource\entity\-vehicle\germany\airborne\bf109_f4old\wingl1.ply","49088","air-combat path keyword"
"air-combat-script","resource\entity\-vehicle\germany\airborne\bf109_f4old\wingl1.vol","208","air-combat path keyword"
"air-combat-script","resource\entity\-vehicle\germany\airborne\bf109_f4old\wingl2.ply","49796","air-combat path keyword"
"air-combat-script","resource\entity\-vehicle\germany\airborne\bf109_f4old\wingl2.vol","208","air-combat path keyword"
"air-combat-script","resource\entity\-vehicle\germany\airborne\bf109_f4old\wingr1.ply","54632","air-combat path keyword"
"air-combat-script","resource\entity\-vehicle\germany\airborne\bf109_f4old\wingr1.vol","208","air-combat path keyword"
"air-combat-script","resource\entity\-vehicle\germany\airborne\bf109_f4old\wingr2.ply","46694","air-combat path keyword"
"air-combat-script","resource\entity\-vehicle\germany\airborne\bf109_f4old\wingr2.vol","208","air-combat path keyword"
"air-combat-script","resource\entity\-vehicle\germany\airborne\bf109_f4old\wingraddoorl.ply","3326","air-combat path keyword"
"air-combat-script","resource\entity\-vehicle\germany\airborne\bf109_f4old\wingraddoorr.ply","3326","air-combat path keyword"
"air-combat-script","resource\entity\-vehicle\germany\airborne\bf109_f4old\wings.mtl","197","air-combat path keyword"
"air-combat-script","resource\entity\-vehicle\germany\airborne\bf110_e2\bf110#4zg26.png","4927406","air-combat path keyword"
"air-combat-script","resource\entity\-vehicle\germany\airborne\bf110_e2\bf110#winter.png","4453143","air-combat path keyword"
"air-combat-script","resource\entity\-vehicle\germany\airborne\bf110_e2\bf110.png","4758665","air-combat path keyword"
"air-combat-script","resource\entity\-vehicle\germany\airborne\bf110_e2\bf110e2.mdl","22151","air-combat path keyword"
"air-combat-script","resource\entity\-vehicle\germany\airborne\bf110_e2\bf110_e2.def","3161","air-combat path keyword"
"air-combat-script","resource\entity\-vehicle\germany\airborne\bf110_e2\bf110_e2_ai.def","2601","air-combat path keyword"
"air-combat-script","resource\entity\-vehicle\germany\airborne\bf110_e2\bf110_e2_user.def","3233","air-combat path keyword"
"air-combat-script","resource\entity\-vehicle\germany\airborne\bf110_e2\blend.mtl","153","air-combat path keyword"
"air-combat-script","resource\entity\-vehicle\germany\airborne\bf110_e2\fire.anm","407","air-combat path keyword"
"air-combat-script","resource\entity\-vehicle\usa\airborne\c47_d\c47_d.def","2589","air-combat path keyword"
"air-combat-script","resource\entity\-vehicle\usa\airborne\c47_d\c47_d.mdl","22080","air-combat path keyword"
"air-combat-script","resource\entity\-vehicle\usa\airborne\c47_d\c47_d_ai.def","2587","air-combat path keyword"
"air-combat-script","resource\entity\-vehicle\usa\airborne\c47_d\fire.anm","407","air-combat path keyword"
"air-combat-script","resource\entity\-vehicle\usa\airborne\p47_d22\fire.anm","407","air-combat path keyword"
"air-combat-script","resource\entity\-vehicle\usa\airborne\p47_d22\flare_tail_red.def","3187","air-combat path keyword"
"air-combat-script","resource\entity\-vehicle\usa\airborne\p47_d22\fuchong0to-4.anm","5473","air-combat path keyword"
"air-combat-script","resource\entity\-vehicle\usa\airborne\p47_d22\glass.mtl","140","air-combat path keyword"
"air-combat-script","resource\entity\-vehicle\usa\airborne\p47_d22\lamp_light_spot1.ply","8189","air-combat path keyword"
"air-combat-script","resource\entity\-vehicle\usa\airborne\p47_d22\lasheng-1to0.anm","2787","air-combat path keyword"
"air-combat-script","resource\entity\-vehicle\usa\airborne\p47_d22\lasheng-2to0.anm","2521","air-combat path keyword"
"air-combat-script","resource\entity\-vehicle\usa\airborne\p47_d22\light.anm","518","air-combat path keyword"
"air-combat-script","resource\entity\-vehicle\usa\airborne\p47_d22\mat_sw34.mtl","194","air-combat path keyword"
"air-combat-script","resource\entity\-vehicle\usa\airborne\p47_d22\p47d22.mdl","21325","air-combat path keyword"
"air-combat-script","resource\entity\-vehicle\usa\airborne\p47_d22\p47_d22.def","2092","air-combat path keyword"
"air-combat-script","resource\entity\-vehicle\usa\airborne\p47_d22\p47_d22_air_combat.def","2280","air-combat path keyword"
"air-combat-script","resource\entity\-vehicle\usa\airborne\p47_d22\p47_d22_air_combat_ai.def","2010","air-combat path keyword"
"air-combat-script","resource\entity\-vehicle\usa\airborne\p47_d22\p47_d22_cas.def","2450","air-combat path keyword"
"air-combat-script","resource\entity\-vehicle\usa\airborne\p47_d22\p47_d22_cas_ai.def","2250","air-combat path keyword"
"air-combat-script","resource\entity\-vehicle\usa\airborne\p47_d22\p47_d22_combat.mdl","21422","air-combat path keyword"
"air-combat-script","resource\entity\-vehicle\usa\airborne\p47_d22\p47_d22_user.def","2445","air-combat path keyword"
"air-combat-script","resource\entity\-vehicle\ussr\airborne\il2_mod42\fire.anm","407","air-combat path keyword"
"air-combat-script","resource\entity\-vehicle\ussr\airborne\il2_mod42\fuchong0to-4.anm","5473","air-combat path keyword"
"air-combat-script","resource\entity\-vehicle\ussr\airborne\il2_mod42\glass_cockpit.mtl","170","air-combat path keyword"
"air-combat-script","resource\entity\-vehicle\ussr\airborne\il2_mod42\il2mod42.mdl","20235","air-combat path keyword"
"air-combat-script","resource\entity\-vehicle\ussr\airborne\il2_mod42\il2_mod42.def","2550","air-combat path keyword"
"air-combat-script","resource\entity\-vehicle\ussr\airborne\il2_mod42\il2_mod42_air_combat.def","2574","air-combat path keyword"
"air-combat-script","resource\entity\-vehicle\ussr\airborne\il2_mod42\il2_mod42_cas.def","2517","air-combat path keyword"
"air-combat-script","resource\entity\-vehicle\ussr\airborne\il2_mod42\il2_mod42_cas_ai.def","2323","air-combat path keyword"
"air-combat-script","resource\entity\-vehicle\ussr\airborne\il2_mod42\il2_mod42_user.def","3004","air-combat path keyword"
"air-combat-script","resource\entity\-vehicle\ussr\airborne\il2_mod42\lasheng-1to0.anm","2787","air-combat path keyword"
"air-combat-script","resource\entity\-vehicle\ussr\airborne\il2_mod42\lasheng-2to0.anm","2521","air-combat path keyword"
"air-combat-script","resource\entity\-vehicle\ussr\airborne\il2_mod42\light.anm","518","air-combat path keyword"
"air-combat-script","resource\entity\-vehicle\ussr\airborne\po2\fire.anm","407","air-combat path keyword"
"air-combat-script","resource\entity\-vehicle\ussr\airborne\po2\po2dsk.def","3641","air-combat path keyword"
"air-combat-script","resource\entity\-vehicle\ussr\airborne\po2\po2dsk.mdl","15461","air-combat path keyword"
"air-combat-script","resource\entity\-vehicle\ussr\airborne\po2\po2dskai.def","3646","air-combat path keyword"
"air-combat-script","resource\entity\-vehicle\ussr\airborne\yak1_ser69\fire.anm","407","air-combat path keyword"
"air-combat-script","resource\entity\-vehicle\ussr\airborne\yak1_ser69\glass.mtl","122","air-combat path keyword"
"air-combat-script","resource\entity\-vehicle\ussr\airborne\yak1_ser69\yak1ser69.mdl","13452","air-combat path keyword"
"air-combat-script","resource\entity\-vehicle\ussr\airborne\yak1_ser69\yak1_ser69combat.def","2278","air-combat path keyword"
"air-combat-script","resource\entity\-vehicle\ussr\airborne\yak1_ser69\yak1_ser69combat_ai.def","2275","air-combat path keyword"
"air-combat-script","resource\map\multi\dcg_script.inc","478612","air-combat path keyword"
"air-combat-script","resource\properties\airborne.ext","10518","air-combat path keyword"
"air-combat-script","resource\properties\airborne2.ext","10473","air-combat path keyword"
"air-combat-script","resource\properties\airborne_combat.ext","10824","air-combat path keyword"
"air-combat-script","resource\properties\airborne_spawn.ext","10409","air-combat path keyword"
"air-combat-script","resource\script\multiplayer\modes\conquest.lua","10626","air-combat path keyword"
"air-combat-script","resource\script\multiplayer\units\eng\conquest.eng.lua","21737","air-combat path keyword"
"air-combat-script","resource\script\multiplayer\units\fin\conquest.fin.lua","14787","air-combat path keyword"
"air-combat-script","resource\script\multiplayer\units\ger\conquest.ger.lua","17184","air-combat path keyword"
"air-combat-script","resource\script\multiplayer\units\rus\conquest.rus.lua","16289","air-combat path keyword"
"air-combat-script","resource\script\multiplayer\units\usa\conquest.usa.lua","13915","air-combat path keyword"
"air-combat-script","resource\set\dynamic_campaign\resources_high.set","3175","air-combat path keyword"
"air-combat-script","resource\set\dynamic_campaign\resources_low.set","3174","air-combat path keyword"
"air-combat-script","resource\set\dynamic_campaign\resources_standard.set","3174","air-combat path keyword"
"air-combat-script","resource\set\dynamic_campaign\resources_very_high.set","3179","air-combat path keyword"
"air-combat-script","resource\set\dynamic_campaign\unit_research_eng.set","22251","air-combat path keyword"
"air-combat-script","resource\set\dynamic_campaign\unit_research_ger.set","17094","air-combat path keyword"
"air-combat-script","resource\set\dynamic_campaign\unit_research_rus.set","15772","air-combat path keyword"
"air-combat-script","resource\set\dynamic_campaign\unit_research_usa.set","14320","air-combat path keyword"
"air-combat-script","resource\set\interaction_entity\airborne.inc","77701","air-combat path keyword"
"air-combat-script","resource\set\multiplayer\units\conquest\settings.set","21767","air-combat path keyword"
"air-combat-script","resource\set\multiplayer\units\conquest\settings_inf.set","2626","air-combat path keyword"
"air-combat-script","resource\set\multiplayer\units\conquest\units_eng.set","51761","air-combat path keyword"
"air-combat-script","resource\set\multiplayer\units\conquest\units_fin.set","33094","air-combat path keyword"
"air-combat-script","resource\set\multiplayer\units\conquest\units_ger.set","40141","air-combat path keyword"
"air-combat-script","resource\set\multiplayer\units\conquest\units_rus.set","36716","air-combat path keyword"
"air-combat-script","resource\set\multiplayer\units\conquest\units_usa.set","35759","air-combat path keyword"
"air-combat-script","resource\set\target\airborne_bullet.inc","674","air-combat path keyword"
"air-combat-script","resource\set\target\airborne_bullet_combat.inc","311","air-combat path keyword"
"air-combat-script","resource\set\target\airborne_select.inc","635","air-combat path keyword"
